2026-04-25 12:01:40,620 ERROR Company_Registration_API.DataAccess.ApplicantRegistrationDao - 
System.Data.Entity.Core.EntityException: The underlying provider failed on Open. ---> System.Transactions.TransactionException: The operation is not valid for the state of the transaction. ---> System.TimeoutException: Transaction Timeout
   --- End of inner exception stack trace ---
   at System.Transactions.TransactionState.EnlistPromotableSinglePhase(InternalTransaction tx, IPromotableSinglePhaseNotification promotableSinglePhaseNotification, Transaction atomicTransaction, Guid promoterType)
   at System.Transactions.Transaction.EnlistPromotableSinglePhase(IPromotableSinglePhaseNotification promotableSinglePhaseNotification, Guid promoterType)
   at System.Transactions.Transaction.EnlistPromotableSinglePhase(IPromotableSinglePhaseNotification promotableSinglePhaseNotification)
   at System.Data.SqlClient.SqlInternalConnection.EnlistNonNull(Transaction tx)
   at System.Data.SqlClient.SqlInternalConnection.Enlist(Transaction tx)
   at System.Data.ProviderBase.DbConnectionInternal.ActivateConnection(Transaction transaction)
   at System.Data.ProviderBase.DbConnectionPool.PrepareConnection(DbConnection owningObject, DbConnectionInternal obj, Transaction transaction)
   at System.Data.ProviderBase.DbConnectionPool.TryGetConnection(DbConnection owningObject, UInt32 waitForMultipleObjectsTimeout, Boolean allowCreate, Boolean onlyOneCheckConnection, DbConnectionOptions userOptions, DbConnectionInternal& connection)
   at System.Data.ProviderBase.DbConnectionPool.TryGetConnection(DbConnection owningObject, TaskCompletionSource`1 retry, DbConnectionOptions userOptions, DbConnectionInternal& connection)
   at System.Data.ProviderBase.DbConnectionFactory.TryGetConnection(DbConnection owningConnection, TaskCompletionSource`1 retry, DbConnectionOptions userOptions, DbConnectionInternal oldConnection, DbConnectionInternal& connection)
   at System.Data.ProviderBase.DbConnectionInternal.TryOpenConnectionInternal(DbConnection outerConnection, DbConnectionFactory connectionFactory, TaskCompletionSource`1 retry, DbConnectionOptions userOptions)
   at System.Data.SqlClient.SqlConnection.TryOpenInner(TaskCompletionSource`1 retry)
   at System.Data.SqlClient.SqlConnection.TryOpen(TaskCompletionSource`1 retry)
   at System.Data.SqlClient.SqlConnection.Open()
   at System.Data.Entity.Infrastructure.Interception.InternalDispatcher`1.Dispatch[TTarget,TInterceptionContext](TTarget target, Action`2 operation, TInterceptionContext interceptionContext, Action`3 executing, Action`3 executed)
   at System.Data.Entity.Infrastructure.Interception.DbConnectionDispatcher.Open(DbConnection connection, DbInterceptionContext interceptionContext)
   at System.Data.Entity.SqlServer.DefaultSqlExecutionStrategy.<>c__DisplayClass2_0.<Execute>b__0()
   at System.Data.Entity.SqlServer.DefaultSqlExecutionStrategy.Execute[TResult](Func`1 operation)
   at System.Data.Entity.Core.EntityClient.EntityConnection.Open()
   --- End of inner exception stack trace ---
   at System.Data.Entity.Core.EntityClient.EntityConnection.Open()
   at System.Data.Entity.Core.Objects.ObjectContext.EnsureConnection(Boolean shouldMonitorTransactions)
   at System.Data.Entity.Core.Objects.ObjectContext.ExecuteInTransaction[T](Func`1 func, IDbExecutionStrategy executionStrategy, Boolean startLocalTransaction, Boolean releaseConnectionOnSuccess)
   at System.Data.Entity.Core.Objects.ObjectContext.SaveChangesToStore(SaveOptions options, IDbExecutionStrategy executionStrategy, Boolean startLocalTransaction)
   at System.Data.Entity.SqlServer.DefaultSqlExecutionStrategy.Execute[TResult](Func`1 operation)
   at System.Data.Entity.Core.Objects.ObjectContext.SaveChangesInternal(SaveOptions options, Boolean executeInExistingTransaction)
   at System.Data.Entity.Internal.InternalContext.SaveChanges()
   at Company_Registration_API.DataAccess.ApplicantRegistrationDao.CreateApplicant(ApplicantRegisterDTO dto)
2026-04-25 12:03:46,735 ERROR Company_Registration_API.DataAccess.ApplicantRegistrationDao - 
System.Data.Entity.Infrastructure.DbUpdateException: An error occurred while updating the entries. See the inner exception for details. ---> System.Data.Entity.Core.UpdateException: An error occurred while updating the entries. See the inner exception for details. ---> System.Data.SqlClient.SqlException: Cannot insert the value NULL into column 'PasswordHash', table 'CompanyRegistrationDB.dbo.CompanyApplicants'; column does not allow nulls. INSERT fails.
The statement has been terminated.
   at System.Data.SqlClient.SqlConnection.OnError(SqlException exception, Boolean breakConnection, Action`1 wrapCloseInAction)
   at System.Data.SqlClient.TdsParser.ThrowExceptionAndWarning(TdsParserStateObject stateObj, Boolean callerHasConnectionLock, Boolean asyncClose)
   at System.Data.SqlClient.TdsParser.TryRun(RunBehavior runBehavior, SqlCommand cmdHandler, SqlDataReader dataStream, BulkCopySimpleResultSet bulkCopyHandler, TdsParserStateObject stateObj, Boolean& dataReady)
   at System.Data.SqlClient.SqlDataReader.TryConsumeMetaData()
   at System.Data.SqlClient.SqlDataReader.get_MetaData()
   at System.Data.SqlClient.SqlCommand.FinishExecuteReader(SqlDataReader ds, RunBehavior runBehavior, String resetOptionsString, Boolean isInternal, Boolean forDescribeParameterEncryption, Boolean shouldCacheForAlwaysEncrypted)
   at System.Data.SqlClient.SqlCommand.RunExecuteReaderTds(CommandBehavior cmdBehavior, RunBehavior runBehavior, Boolean returnStream, Boolean async, Int32 timeout, Task& task, Boolean asyncWrite, Boolean inRetry, SqlDataReader ds, Boolean describeParameterEncryptionRequest)
   at System.Data.SqlClient.SqlCommand.RunExecuteReader(CommandBehavior cmdBehavior, RunBehavior runBehavior, Boolean returnStream, String method, TaskCompletionSource`1 completion, Int32 timeout, Task& task, Boolean& usedCache, Boolean asyncWrite, Boolean inRetry)
   at System.Data.SqlClient.SqlCommand.RunExecuteReader(CommandBehavior cmdBehavior, RunBehavior runBehavior, Boolean returnStream, String method)
   at System.Data.SqlClient.SqlCommand.ExecuteReader(CommandBehavior behavior, String method)
   at System.Data.Entity.Infrastructure.Interception.InternalDispatcher`1.Dispatch[TTarget,TInterceptionContext,TResult](TTarget target, Func`3 operation, TInterceptionContext interceptionContext, Action`3 executing, Action`3 executed)
   at System.Data.Entity.Infrastructure.Interception.DbCommandDispatcher.Reader(DbCommand command, DbCommandInterceptionContext interceptionContext)
   at System.Data.Entity.Core.Mapping.Update.Internal.DynamicUpdateCommand.Execute(Dictionary`2 identifierValues, List`1 generatedValues)
   at System.Data.Entity.Core.Mapping.Update.Internal.UpdateTranslator.Update()
   --- End of inner exception stack trace ---
   at System.Data.Entity.Core.Mapping.Update.Internal.UpdateTranslator.Update()
   at System.Data.Entity.Core.Objects.ObjectContext.ExecuteInTransaction[T](Func`1 func, IDbExecutionStrategy executionStrategy, Boolean startLocalTransaction, Boolean releaseConnectionOnSuccess)
   at System.Data.Entity.Core.Objects.ObjectContext.SaveChangesToStore(SaveOptions options, IDbExecutionStrategy executionStrategy, Boolean startLocalTransaction)
   at System.Data.Entity.SqlServer.DefaultSqlExecutionStrategy.Execute[TResult](Func`1 operation)
   at System.Data.Entity.Core.Objects.ObjectContext.SaveChangesInternal(SaveOptions options, Boolean executeInExistingTransaction)
   at System.Data.Entity.Internal.InternalContext.SaveChanges()
   --- End of inner exception stack trace ---
   at System.Data.Entity.Internal.InternalContext.SaveChanges()
   at Company_Registration_API.DataAccess.ApplicantRegistrationDao.CreateApplicant(ApplicantRegisterDTO dto)
2026-04-25 12:08:16,722 ERROR Company_Registration_API.DataAccess.ApplicantRegistrationDao - 
System.Data.Entity.Infrastructure.DbUpdateException: An error occurred while updating the entries. See the inner exception for details. ---> System.Data.Entity.Core.UpdateException: An error occurred while updating the entries. See the inner exception for details. ---> System.Data.SqlClient.SqlException: Cannot insert the value NULL into column 'PasswordHash', table 'CompanyRegistrationDB.dbo.CompanyApplicants'; column does not allow nulls. INSERT fails.
The statement has been terminated.
   at System.Data.SqlClient.SqlConnection.OnError(SqlException exception, Boolean breakConnection, Action`1 wrapCloseInAction)
   at System.Data.SqlClient.TdsParser.ThrowExceptionAndWarning(TdsParserStateObject stateObj, Boolean callerHasConnectionLock, Boolean asyncClose)
   at System.Data.SqlClient.TdsParser.TryRun(RunBehavior runBehavior, SqlCommand cmdHandler, SqlDataReader dataStream, BulkCopySimpleResultSet bulkCopyHandler, TdsParserStateObject stateObj, Boolean& dataReady)
   at System.Data.SqlClient.SqlDataReader.TryConsumeMetaData()
   at System.Data.SqlClient.SqlDataReader.get_MetaData()
   at System.Data.SqlClient.SqlCommand.FinishExecuteReader(SqlDataReader ds, RunBehavior runBehavior, String resetOptionsString, Boolean isInternal, Boolean forDescribeParameterEncryption, Boolean shouldCacheForAlwaysEncrypted)
   at System.Data.SqlClient.SqlCommand.RunExecuteReaderTds(CommandBehavior cmdBehavior, RunBehavior runBehavior, Boolean returnStream, Boolean async, Int32 timeout, Task& task, Boolean asyncWrite, Boolean inRetry, SqlDataReader ds, Boolean describeParameterEncryptionRequest)
   at System.Data.SqlClient.SqlCommand.RunExecuteReader(CommandBehavior cmdBehavior, RunBehavior runBehavior, Boolean returnStream, String method, TaskCompletionSource`1 completion, Int32 timeout, Task& task, Boolean& usedCache, Boolean asyncWrite, Boolean inRetry)
   at System.Data.SqlClient.SqlCommand.RunExecuteReader(CommandBehavior cmdBehavior, RunBehavior runBehavior, Boolean returnStream, String method)
   at System.Data.SqlClient.SqlCommand.ExecuteReader(CommandBehavior behavior, String method)
   at System.Data.Entity.Infrastructure.Interception.InternalDispatcher`1.Dispatch[TTarget,TInterceptionContext,TResult](TTarget target, Func`3 operation, TInterceptionContext interceptionContext, Action`3 executing, Action`3 executed)
   at System.Data.Entity.Infrastructure.Interception.DbCommandDispatcher.Reader(DbCommand command, DbCommandInterceptionContext interceptionContext)
   at System.Data.Entity.Core.Mapping.Update.Internal.DynamicUpdateCommand.Execute(Dictionary`2 identifierValues, List`1 generatedValues)
   at System.Data.Entity.Core.Mapping.Update.Internal.UpdateTranslator.Update()
   --- End of inner exception stack trace ---
   at System.Data.Entity.Core.Mapping.Update.Internal.UpdateTranslator.Update()
   at System.Data.Entity.Core.Objects.ObjectContext.ExecuteInTransaction[T](Func`1 func, IDbExecutionStrategy executionStrategy, Boolean startLocalTransaction, Boolean releaseConnectionOnSuccess)
   at System.Data.Entity.Core.Objects.ObjectContext.SaveChangesToStore(SaveOptions options, IDbExecutionStrategy executionStrategy, Boolean startLocalTransaction)
   at System.Data.Entity.SqlServer.DefaultSqlExecutionStrategy.Execute[TResult](Func`1 operation)
   at System.Data.Entity.Core.Objects.ObjectContext.SaveChangesInternal(SaveOptions options, Boolean executeInExistingTransaction)
   at System.Data.Entity.Internal.InternalContext.SaveChanges()
   --- End of inner exception stack trace ---
   at System.Data.Entity.Internal.InternalContext.SaveChanges()
   at Company_Registration_API.DataAccess.ApplicantRegistrationDao.CreateApplicant(ApplicantRegisterDTO dto)
2026-04-25 12:14:07,854 ERROR Company_Registration_API.DataAccess.ApplicantRegistrationDao - 
System.Data.Entity.Core.EntityException: The underlying provider failed on Open. ---> System.Transactions.TransactionException: The operation is not valid for the state of the transaction.
   at System.Transactions.TransactionState.EnlistPromotableSinglePhase(InternalTransaction tx, IPromotableSinglePhaseNotification promotableSinglePhaseNotification, Transaction atomicTransaction, Guid promoterType)
   at System.Transactions.Transaction.EnlistPromotableSinglePhase(IPromotableSinglePhaseNotification promotableSinglePhaseNotification, Guid promoterType)
   at System.Transactions.Transaction.EnlistPromotableSinglePhase(IPromotableSinglePhaseNotification promotableSinglePhaseNotification)
   at System.Data.SqlClient.SqlInternalConnection.EnlistNonNull(Transaction tx)
   at System.Data.SqlClient.SqlInternalConnection.Enlist(Transaction tx)
   at System.Data.ProviderBase.DbConnectionInternal.ActivateConnection(Transaction transaction)
   at System.Data.ProviderBase.DbConnectionPool.PrepareConnection(DbConnection owningObject, DbConnectionInternal obj, Transaction transaction)
   at System.Data.ProviderBase.DbConnectionPool.TryGetConnection(DbConnection owningObject, UInt32 waitForMultipleObjectsTimeout, Boolean allowCreate, Boolean onlyOneCheckConnection, DbConnectionOptions userOptions, DbConnectionInternal& connection)
   at System.Data.ProviderBase.DbConnectionPool.TryGetConnection(DbConnection owningObject, TaskCompletionSource`1 retry, DbConnectionOptions userOptions, DbConnectionInternal& connection)
   at System.Data.ProviderBase.DbConnectionFactory.TryGetConnection(DbConnection owningConnection, TaskCompletionSource`1 retry, DbConnectionOptions userOptions, DbConnectionInternal oldConnection, DbConnectionInternal& connection)
   at System.Data.ProviderBase.DbConnectionInternal.TryOpenConnectionInternal(DbConnection outerConnection, DbConnectionFactory connectionFactory, TaskCompletionSource`1 retry, DbConnectionOptions userOptions)
   at System.Data.SqlClient.SqlConnection.TryOpenInner(TaskCompletionSource`1 retry)
   at System.Data.SqlClient.SqlConnection.TryOpen(TaskCompletionSource`1 retry)
   at System.Data.SqlClient.SqlConnection.Open()
   at System.Data.Entity.Infrastructure.Interception.InternalDispatcher`1.Dispatch[TTarget,TInterceptionContext](TTarget target, Action`2 operation, TInterceptionContext interceptionContext, Action`3 executing, Action`3 executed)
   at System.Data.Entity.Infrastructure.Interception.DbConnectionDispatcher.Open(DbConnection connection, DbInterceptionContext interceptionContext)
   at System.Data.Entity.SqlServer.DefaultSqlExecutionStrategy.<>c__DisplayClass2_0.<Execute>b__0()
   at System.Data.Entity.SqlServer.DefaultSqlExecutionStrategy.Execute[TResult](Func`1 operation)
   at System.Data.Entity.Core.EntityClient.EntityConnection.Open()
   --- End of inner exception stack trace ---
   at System.Data.Entity.Core.EntityClient.EntityConnection.Open()
   at System.Data.Entity.Core.Objects.ObjectContext.EnsureConnection(Boolean shouldMonitorTransactions)
   at System.Data.Entity.Core.Objects.ObjectContext.ExecuteInTransaction[T](Func`1 func, IDbExecutionStrategy executionStrategy, Boolean startLocalTransaction, Boolean releaseConnectionOnSuccess)
   at System.Data.Entity.Core.Objects.ObjectContext.SaveChangesToStore(SaveOptions options, IDbExecutionStrategy executionStrategy, Boolean startLocalTransaction)
   at System.Data.Entity.SqlServer.DefaultSqlExecutionStrategy.Execute[TResult](Func`1 operation)
   at System.Data.Entity.Core.Objects.ObjectContext.SaveChangesInternal(SaveOptions options, Boolean executeInExistingTransaction)
   at System.Data.Entity.Internal.InternalContext.SaveChanges()
   at Company_Registration_API.DataAccess.ApplicantRegistrationDao.CreateApplicant(ApplicantRegisterDTO dto)
2026-04-25 12:39:15,914 ERROR Company_Registration_API.DataAccess.ApplicantRegistrationDao - 
System.Data.Entity.Core.EntityException: The underlying provider failed on Open. ---> System.Transactions.TransactionException: The operation is not valid for the state of the transaction.
   at System.Transactions.TransactionState.EnlistPromotableSinglePhase(InternalTransaction tx, IPromotableSinglePhaseNotification promotableSinglePhaseNotification, Transaction atomicTransaction, Guid promoterType)
   at System.Transactions.Transaction.EnlistPromotableSinglePhase(IPromotableSinglePhaseNotification promotableSinglePhaseNotification, Guid promoterType)
   at System.Transactions.Transaction.EnlistPromotableSinglePhase(IPromotableSinglePhaseNotification promotableSinglePhaseNotification)
   at System.Data.SqlClient.SqlInternalConnection.EnlistNonNull(Transaction tx)
   at System.Data.SqlClient.SqlInternalConnection.Enlist(Transaction tx)
   at System.Data.ProviderBase.DbConnectionInternal.ActivateConnection(Transaction transaction)
   at System.Data.ProviderBase.DbConnectionPool.PrepareConnection(DbConnection owningObject, DbConnectionInternal obj, Transaction transaction)
   at System.Data.ProviderBase.DbConnectionPool.TryGetConnection(DbConnection owningObject, UInt32 waitForMultipleObjectsTimeout, Boolean allowCreate, Boolean onlyOneCheckConnection, DbConnectionOptions userOptions, DbConnectionInternal& connection)
   at System.Data.ProviderBase.DbConnectionPool.TryGetConnection(DbConnection owningObject, TaskCompletionSource`1 retry, DbConnectionOptions userOptions, DbConnectionInternal& connection)
   at System.Data.ProviderBase.DbConnectionFactory.TryGetConnection(DbConnection owningConnection, TaskCompletionSource`1 retry, DbConnectionOptions userOptions, DbConnectionInternal oldConnection, DbConnectionInternal& connection)
   at System.Data.ProviderBase.DbConnectionInternal.TryOpenConnectionInternal(DbConnection outerConnection, DbConnectionFactory connectionFactory, TaskCompletionSource`1 retry, DbConnectionOptions userOptions)
   at System.Data.SqlClient.SqlConnection.TryOpenInner(TaskCompletionSource`1 retry)
   at System.Data.SqlClient.SqlConnection.TryOpen(TaskCompletionSource`1 retry)
   at System.Data.SqlClient.SqlConnection.Open()
   at System.Data.Entity.Infrastructure.Interception.InternalDispatcher`1.Dispatch[TTarget,TInterceptionContext](TTarget target, Action`2 operation, TInterceptionContext interceptionContext, Action`3 executing, Action`3 executed)
   at System.Data.Entity.Infrastructure.Interception.DbConnectionDispatcher.Open(DbConnection connection, DbInterceptionContext interceptionContext)
   at System.Data.Entity.SqlServer.DefaultSqlExecutionStrategy.<>c__DisplayClass2_0.<Execute>b__0()
   at System.Data.Entity.SqlServer.DefaultSqlExecutionStrategy.Execute[TResult](Func`1 operation)
   at System.Data.Entity.Core.EntityClient.EntityConnection.Open()
   --- End of inner exception stack trace ---
   at System.Data.Entity.Core.EntityClient.EntityConnection.Open()
   at System.Data.Entity.Core.Objects.ObjectContext.EnsureConnection(Boolean shouldMonitorTransactions)
   at System.Data.Entity.Core.Objects.ObjectContext.ExecuteInTransaction[T](Func`1 func, IDbExecutionStrategy executionStrategy, Boolean startLocalTransaction, Boolean releaseConnectionOnSuccess)
   at System.Data.Entity.Core.Objects.ObjectContext.SaveChangesToStore(SaveOptions options, IDbExecutionStrategy executionStrategy, Boolean startLocalTransaction)
   at System.Data.Entity.SqlServer.DefaultSqlExecutionStrategy.Execute[TResult](Func`1 operation)
   at System.Data.Entity.Core.Objects.ObjectContext.SaveChangesInternal(SaveOptions options, Boolean executeInExistingTransaction)
   at System.Data.Entity.Internal.InternalContext.SaveChanges()
   at Company_Registration_API.DataAccess.ApplicantRegistrationDao.CreateApplicant(ApplicantRegisterDTO dto) in D:\Git Repo\Company-Registration\Company-Registration-API\Company-Registration-API\DataAccess\ApplicantRegistrationDao.cs:line 96
2026-04-25 12:59:56,932 ERROR Company_Registration_API.DataAccess.ApplicantRegistrationDao - 
System.Data.Entity.Infrastructure.DbUpdateException: An error occurred while updating the entries. See the inner exception for details. ---> System.Data.Entity.Core.UpdateException: An error occurred while updating the entries. See the inner exception for details. ---> System.InvalidOperationException: The transaction associated with the current connection has completed but has not been disposed.  The transaction must be disposed before the connection can be used to execute SQL statements.
   at System.Data.SqlClient.TdsParser.TdsExecuteRPC(SqlCommand cmd, _SqlRPC[] rpcArray, Int32 timeout, Boolean inSchema, SqlNotificationRequest notificationRequest, TdsParserStateObject stateObj, Boolean isCommandProc, Boolean sync, TaskCompletionSource`1 completion, Int32 startRpc, Int32 startParam)
   at System.Data.SqlClient.SqlCommand.RunExecuteReaderTds(CommandBehavior cmdBehavior, RunBehavior runBehavior, Boolean returnStream, Boolean async, Int32 timeout, Task& task, Boolean asyncWrite, Boolean inRetry, SqlDataReader ds, Boolean describeParameterEncryptionRequest)
   at System.Data.SqlClient.SqlCommand.RunExecuteReader(CommandBehavior cmdBehavior, RunBehavior runBehavior, Boolean returnStream, String method, TaskCompletionSource`1 completion, Int32 timeout, Task& task, Boolean& usedCache, Boolean asyncWrite, Boolean inRetry)
   at System.Data.SqlClient.SqlCommand.RunExecuteReader(CommandBehavior cmdBehavior, RunBehavior runBehavior, Boolean returnStream, String method)
   at System.Data.SqlClient.SqlCommand.ExecuteReader(CommandBehavior behavior, String method)
   at System.Data.Entity.Infrastructure.Interception.InternalDispatcher`1.Dispatch[TTarget,TInterceptionContext,TResult](TTarget target, Func`3 operation, TInterceptionContext interceptionContext, Action`3 executing, Action`3 executed)
   at System.Data.Entity.Infrastructure.Interception.DbCommandDispatcher.Reader(DbCommand command, DbCommandInterceptionContext interceptionContext)
   at System.Data.Entity.Core.Mapping.Update.Internal.DynamicUpdateCommand.Execute(Dictionary`2 identifierValues, List`1 generatedValues)
   at System.Data.Entity.Core.Mapping.Update.Internal.UpdateTranslator.Update()
   --- End of inner exception stack trace ---
   at System.Data.Entity.Core.Mapping.Update.Internal.UpdateTranslator.Update()
   at System.Data.Entity.Core.Objects.ObjectContext.ExecuteInTransaction[T](Func`1 func, IDbExecutionStrategy executionStrategy, Boolean startLocalTransaction, Boolean releaseConnectionOnSuccess)
   at System.Data.Entity.Core.Objects.ObjectContext.SaveChangesToStore(SaveOptions options, IDbExecutionStrategy executionStrategy, Boolean startLocalTransaction)
   at System.Data.Entity.SqlServer.DefaultSqlExecutionStrategy.Execute[TResult](Func`1 operation)
   at System.Data.Entity.Core.Objects.ObjectContext.SaveChangesInternal(SaveOptions options, Boolean executeInExistingTransaction)
   at System.Data.Entity.Internal.InternalContext.SaveChanges()
   --- End of inner exception stack trace ---
   at System.Data.Entity.Internal.InternalContext.SaveChanges()
   at Company_Registration_API.DataAccess.ApplicantRegistrationDao.CreateEmailToken(Int64 applicantId) in D:\Git Repo\Company-Registration\Company-Registration-API\Company-Registration-API\DataAccess\ApplicantRegistrationDao.cs:line 136
2026-04-25 14:05:56,026 ERROR Company_Registration_API.DataAccess.ApplicantRegistrationDao - 
System.Data.Entity.Infrastructure.DbUpdateException: An error occurred while updating the entries. See the inner exception for details. ---> System.Data.Entity.Core.UpdateException: An error occurred while updating the entries. See the inner exception for details. ---> System.InvalidOperationException: The transaction associated with the current connection has completed but has not been disposed.  The transaction must be disposed before the connection can be used to execute SQL statements.
   at System.Data.SqlClient.TdsParser.TdsExecuteRPC(SqlCommand cmd, _SqlRPC[] rpcArray, Int32 timeout, Boolean inSchema, SqlNotificationRequest notificationRequest, TdsParserStateObject stateObj, Boolean isCommandProc, Boolean sync, TaskCompletionSource`1 completion, Int32 startRpc, Int32 startParam)
   at System.Data.SqlClient.SqlCommand.RunExecuteReaderTds(CommandBehavior cmdBehavior, RunBehavior runBehavior, Boolean returnStream, Boolean async, Int32 timeout, Task& task, Boolean asyncWrite, Boolean inRetry, SqlDataReader ds, Boolean describeParameterEncryptionRequest)
   at System.Data.SqlClient.SqlCommand.RunExecuteReader(CommandBehavior cmdBehavior, RunBehavior runBehavior, Boolean returnStream, String method, TaskCompletionSource`1 completion, Int32 timeout, Task& task, Boolean& usedCache, Boolean asyncWrite, Boolean inRetry)
   at System.Data.SqlClient.SqlCommand.RunExecuteReader(CommandBehavior cmdBehavior, RunBehavior runBehavior, Boolean returnStream, String method)
   at System.Data.SqlClient.SqlCommand.ExecuteReader(CommandBehavior behavior, String method)
   at System.Data.Entity.Infrastructure.Interception.InternalDispatcher`1.Dispatch[TTarget,TInterceptionContext,TResult](TTarget target, Func`3 operation, TInterceptionContext interceptionContext, Action`3 executing, Action`3 executed)
   at System.Data.Entity.Infrastructure.Interception.DbCommandDispatcher.Reader(DbCommand command, DbCommandInterceptionContext interceptionContext)
   at System.Data.Entity.Core.Mapping.Update.Internal.DynamicUpdateCommand.Execute(Dictionary`2 identifierValues, List`1 generatedValues)
   at System.Data.Entity.Core.Mapping.Update.Internal.UpdateTranslator.Update()
   --- End of inner exception stack trace ---
   at System.Data.Entity.Core.Mapping.Update.Internal.UpdateTranslator.Update()
   at System.Data.Entity.Core.Objects.ObjectContext.ExecuteInTransaction[T](Func`1 func, IDbExecutionStrategy executionStrategy, Boolean startLocalTransaction, Boolean releaseConnectionOnSuccess)
   at System.Data.Entity.Core.Objects.ObjectContext.SaveChangesToStore(SaveOptions options, IDbExecutionStrategy executionStrategy, Boolean startLocalTransaction)
   at System.Data.Entity.SqlServer.DefaultSqlExecutionStrategy.Execute[TResult](Func`1 operation)
   at System.Data.Entity.Core.Objects.ObjectContext.SaveChangesInternal(SaveOptions options, Boolean executeInExistingTransaction)
   at System.Data.Entity.Internal.InternalContext.SaveChanges()
   --- End of inner exception stack trace ---
   at System.Data.Entity.Internal.InternalContext.SaveChanges()
   at Company_Registration_API.DataAccess.ApplicantRegistrationDao.CreateApplicant(ApplicantRegisterDTO dto) in D:\Git Repo\Company-Registration\Company-Registration-API\Company-Registration-API\DataAccess\ApplicantRegistrationDao.cs:line 96
2026-04-25 15:41:07,993 ERROR Company_Registration_API.DataAccess.ApplicantRegistrationDao - 
System.Data.Entity.Core.EntityCommandExecutionException: An error occurred while executing the command definition. See the inner exception for details. ---> System.Data.SqlClient.SqlException: Invalid object name 'dbo.CompanyApplicantDs'.
   at System.Data.SqlClient.SqlConnection.OnError(SqlException exception, Boolean breakConnection, Action`1 wrapCloseInAction)
   at System.Data.SqlClient.TdsParser.ThrowExceptionAndWarning(TdsParserStateObject stateObj, Boolean callerHasConnectionLock, Boolean asyncClose)
   at System.Data.SqlClient.TdsParser.TryRun(RunBehavior runBehavior, SqlCommand cmdHandler, SqlDataReader dataStream, BulkCopySimpleResultSet bulkCopyHandler, TdsParserStateObject stateObj, Boolean& dataReady)
   at System.Data.SqlClient.SqlDataReader.TryConsumeMetaData()
   at System.Data.SqlClient.SqlDataReader.get_MetaData()
   at System.Data.SqlClient.SqlCommand.FinishExecuteReader(SqlDataReader ds, RunBehavior runBehavior, String resetOptionsString, Boolean isInternal, Boolean forDescribeParameterEncryption, Boolean shouldCacheForAlwaysEncrypted)
   at System.Data.SqlClient.SqlCommand.RunExecuteReaderTds(CommandBehavior cmdBehavior, RunBehavior runBehavior, Boolean returnStream, Boolean async, Int32 timeout, Task& task, Boolean asyncWrite, Boolean inRetry, SqlDataReader ds, Boolean describeParameterEncryptionRequest)
   at System.Data.SqlClient.SqlCommand.RunExecuteReader(CommandBehavior cmdBehavior, RunBehavior runBehavior, Boolean returnStream, String method, TaskCompletionSource`1 completion, Int32 timeout, Task& task, Boolean& usedCache, Boolean asyncWrite, Boolean inRetry)
   at System.Data.SqlClient.SqlCommand.RunExecuteReader(CommandBehavior cmdBehavior, RunBehavior runBehavior, Boolean returnStream, String method)
   at System.Data.SqlClient.SqlCommand.ExecuteReader(CommandBehavior behavior, String method)
   at System.Data.Entity.Infrastructure.Interception.InternalDispatcher`1.Dispatch[TTarget,TInterceptionContext,TResult](TTarget target, Func`3 operation, TInterceptionContext interceptionContext, Action`3 executing, Action`3 executed)
   at System.Data.Entity.Infrastructure.Interception.DbCommandDispatcher.Reader(DbCommand command, DbCommandInterceptionContext interceptionContext)
   at System.Data.Entity.Core.EntityClient.Internal.EntityCommandDefinition.ExecuteStoreCommands(EntityCommand entityCommand, CommandBehavior behavior)
   --- End of inner exception stack trace ---
   at System.Data.Entity.Core.EntityClient.Internal.EntityCommandDefinition.ExecuteStoreCommands(EntityCommand entityCommand, CommandBehavior behavior)
   at System.Data.Entity.Core.Objects.Internal.ObjectQueryExecutionPlan.Execute[TResultType](ObjectContext context, ObjectParameterCollection parameterValues)
   at System.Data.Entity.Core.Objects.ObjectContext.ExecuteInTransaction[T](Func`1 func, IDbExecutionStrategy executionStrategy, Boolean startLocalTransaction, Boolean releaseConnectionOnSuccess)
   at System.Data.Entity.Core.Objects.ObjectQuery`1.<>c__DisplayClass41_0.<GetResults>b__0()
   at System.Data.Entity.SqlServer.DefaultSqlExecutionStrategy.Execute[TResult](Func`1 operation)
   at System.Data.Entity.Core.Objects.ObjectQuery`1.GetResults(Nullable`1 forMergeOption)
   at System.Data.Entity.Core.Objects.ObjectQuery`1.<System.Collections.Generic.IEnumerable<T>.GetEnumerator>b__31_0()
   at System.Data.Entity.Internal.LazyEnumerator`1.MoveNext()
   at System.Linq.Enumerable.FirstOrDefault[TSource](IEnumerable`1 source)
   at Company_Registration_API.DataAccess.ApplicantRegistrationDao.IsEmailExist(String email) in D:\Git Repo\Company-Registration\Company-Registration-API\Company-Registration-API\DataAccess\ApplicantRegistrationDao.cs:line 31
2026-04-25 16:08:24,376 ERROR Company_Registration_API.DataAccess.ApplicantRegistrationDao - 
System.Data.Entity.Core.EntityCommandExecutionException: An error occurred while executing the command definition. See the inner exception for details. ---> System.Data.SqlClient.SqlException: Invalid object name 'dbo.CompanyApplicantDs'.
   at System.Data.SqlClient.SqlConnection.OnError(SqlException exception, Boolean breakConnection, Action`1 wrapCloseInAction)
   at System.Data.SqlClient.TdsParser.ThrowExceptionAndWarning(TdsParserStateObject stateObj, Boolean callerHasConnectionLock, Boolean asyncClose)
   at System.Data.SqlClient.TdsParser.TryRun(RunBehavior runBehavior, SqlCommand cmdHandler, SqlDataReader dataStream, BulkCopySimpleResultSet bulkCopyHandler, TdsParserStateObject stateObj, Boolean& dataReady)
   at System.Data.SqlClient.SqlDataReader.TryConsumeMetaData()
   at System.Data.SqlClient.SqlDataReader.get_MetaData()
   at System.Data.SqlClient.SqlCommand.FinishExecuteReader(SqlDataReader ds, RunBehavior runBehavior, String resetOptionsString, Boolean isInternal, Boolean forDescribeParameterEncryption, Boolean shouldCacheForAlwaysEncrypted)
   at System.Data.SqlClient.SqlCommand.RunExecuteReaderTds(CommandBehavior cmdBehavior, RunBehavior runBehavior, Boolean returnStream, Boolean async, Int32 timeout, Task& task, Boolean asyncWrite, Boolean inRetry, SqlDataReader ds, Boolean describeParameterEncryptionRequest)
   at System.Data.SqlClient.SqlCommand.RunExecuteReader(CommandBehavior cmdBehavior, RunBehavior runBehavior, Boolean returnStream, String method, TaskCompletionSource`1 completion, Int32 timeout, Task& task, Boolean& usedCache, Boolean asyncWrite, Boolean inRetry)
   at System.Data.SqlClient.SqlCommand.RunExecuteReader(CommandBehavior cmdBehavior, RunBehavior runBehavior, Boolean returnStream, String method)
   at System.Data.SqlClient.SqlCommand.ExecuteReader(CommandBehavior behavior, String method)
   at System.Data.Entity.Infrastructure.Interception.InternalDispatcher`1.Dispatch[TTarget,TInterceptionContext,TResult](TTarget target, Func`3 operation, TInterceptionContext interceptionContext, Action`3 executing, Action`3 executed)
   at System.Data.Entity.Infrastructure.Interception.DbCommandDispatcher.Reader(DbCommand command, DbCommandInterceptionContext interceptionContext)
   at System.Data.Entity.Core.EntityClient.Internal.EntityCommandDefinition.ExecuteStoreCommands(EntityCommand entityCommand, CommandBehavior behavior)
   --- End of inner exception stack trace ---
   at System.Data.Entity.Core.EntityClient.Internal.EntityCommandDefinition.ExecuteStoreCommands(EntityCommand entityCommand, CommandBehavior behavior)
   at System.Data.Entity.Core.Objects.Internal.ObjectQueryExecutionPlan.Execute[TResultType](ObjectContext context, ObjectParameterCollection parameterValues)
   at System.Data.Entity.Core.Objects.ObjectContext.ExecuteInTransaction[T](Func`1 func, IDbExecutionStrategy executionStrategy, Boolean startLocalTransaction, Boolean releaseConnectionOnSuccess)
   at System.Data.Entity.Core.Objects.ObjectQuery`1.<>c__DisplayClass41_0.<GetResults>b__0()
   at System.Data.Entity.SqlServer.DefaultSqlExecutionStrategy.Execute[TResult](Func`1 operation)
   at System.Data.Entity.Core.Objects.ObjectQuery`1.GetResults(Nullable`1 forMergeOption)
   at System.Data.Entity.Core.Objects.ObjectQuery`1.<System.Collections.Generic.IEnumerable<T>.GetEnumerator>b__31_0()
   at System.Data.Entity.Internal.LazyEnumerator`1.MoveNext()
   at System.Linq.Enumerable.FirstOrDefault[TSource](IEnumerable`1 source)
   at Company_Registration_API.DataAccess.ApplicantRegistrationDao.IsEmailExist(String email) in D:\Git Repo\Company-Registration\Company-Registration-API\Company-Registration-API\DataAccess\ApplicantRegistrationDao.cs:line 31
2026-04-25 16:20:11,433 ERROR Company_Registration_API.DataAccess.ApplicantRegistrationDao - 
System.Data.Entity.Core.EntityCommandExecutionException: An error occurred while executing the command definition. See the inner exception for details. ---> System.Data.SqlClient.SqlException: Invalid object name 'dbo.CompanyApplicantDs'.
   at System.Data.SqlClient.SqlConnection.OnError(SqlException exception, Boolean breakConnection, Action`1 wrapCloseInAction)
   at System.Data.SqlClient.TdsParser.ThrowExceptionAndWarning(TdsParserStateObject stateObj, Boolean callerHasConnectionLock, Boolean asyncClose)
   at System.Data.SqlClient.TdsParser.TryRun(RunBehavior runBehavior, SqlCommand cmdHandler, SqlDataReader dataStream, BulkCopySimpleResultSet bulkCopyHandler, TdsParserStateObject stateObj, Boolean& dataReady)
   at System.Data.SqlClient.SqlDataReader.TryConsumeMetaData()
   at System.Data.SqlClient.SqlDataReader.get_MetaData()
   at System.Data.SqlClient.SqlCommand.FinishExecuteReader(SqlDataReader ds, RunBehavior runBehavior, String resetOptionsString, Boolean isInternal, Boolean forDescribeParameterEncryption, Boolean shouldCacheForAlwaysEncrypted)
   at System.Data.SqlClient.SqlCommand.RunExecuteReaderTds(CommandBehavior cmdBehavior, RunBehavior runBehavior, Boolean returnStream, Boolean async, Int32 timeout, Task& task, Boolean asyncWrite, Boolean inRetry, SqlDataReader ds, Boolean describeParameterEncryptionRequest)
   at System.Data.SqlClient.SqlCommand.RunExecuteReader(CommandBehavior cmdBehavior, RunBehavior runBehavior, Boolean returnStream, String method, TaskCompletionSource`1 completion, Int32 timeout, Task& task, Boolean& usedCache, Boolean asyncWrite, Boolean inRetry)
   at System.Data.SqlClient.SqlCommand.RunExecuteReader(CommandBehavior cmdBehavior, RunBehavior runBehavior, Boolean returnStream, String method)
   at System.Data.SqlClient.SqlCommand.ExecuteReader(CommandBehavior behavior, String method)
   at System.Data.Entity.Infrastructure.Interception.InternalDispatcher`1.Dispatch[TTarget,TInterceptionContext,TResult](TTarget target, Func`3 operation, TInterceptionContext interceptionContext, Action`3 executing, Action`3 executed)
   at System.Data.Entity.Infrastructure.Interception.DbCommandDispatcher.Reader(DbCommand command, DbCommandInterceptionContext interceptionContext)
   at System.Data.Entity.Core.EntityClient.Internal.EntityCommandDefinition.ExecuteStoreCommands(EntityCommand entityCommand, CommandBehavior behavior)
   --- End of inner exception stack trace ---
   at System.Data.Entity.Core.EntityClient.Internal.EntityCommandDefinition.ExecuteStoreCommands(EntityCommand entityCommand, CommandBehavior behavior)
   at System.Data.Entity.Core.Objects.Internal.ObjectQueryExecutionPlan.Execute[TResultType](ObjectContext context, ObjectParameterCollection parameterValues)
   at System.Data.Entity.Core.Objects.ObjectContext.ExecuteInTransaction[T](Func`1 func, IDbExecutionStrategy executionStrategy, Boolean startLocalTransaction, Boolean releaseConnectionOnSuccess)
   at System.Data.Entity.Core.Objects.ObjectQuery`1.<>c__DisplayClass41_0.<GetResults>b__0()
   at System.Data.Entity.SqlServer.DefaultSqlExecutionStrategy.Execute[TResult](Func`1 operation)
   at System.Data.Entity.Core.Objects.ObjectQuery`1.GetResults(Nullable`1 forMergeOption)
   at System.Data.Entity.Core.Objects.ObjectQuery`1.<System.Collections.Generic.IEnumerable<T>.GetEnumerator>b__31_0()
   at System.Data.Entity.Internal.LazyEnumerator`1.MoveNext()
   at System.Linq.Enumerable.FirstOrDefault[TSource](IEnumerable`1 source)
   at Company_Registration_API.DataAccess.ApplicantRegistrationDao.IsEmailExist(String email) in D:\Git Repo\Company-Registration\Company-Registration-API\Company-Registration-API\DataAccess\ApplicantRegistrationDao.cs:line 31
2026-04-25 16:40:15,543 ERROR Company_Registration_API.DataAccess.ApplicantRegistrationDao - 
System.Data.Entity.Infrastructure.DbUpdateException: An error occurred while updating the entries. See the inner exception for details. ---> System.Data.Entity.Core.UpdateException: An error occurred while updating the entries. See the inner exception for details. ---> System.Data.SqlClient.SqlException: The conversion of a datetime2 data type to a datetime data type resulted in an out-of-range value.
The statement has been terminated.
   at System.Data.SqlClient.SqlConnection.OnError(SqlException exception, Boolean breakConnection, Action`1 wrapCloseInAction)
   at System.Data.SqlClient.TdsParser.ThrowExceptionAndWarning(TdsParserStateObject stateObj, Boolean callerHasConnectionLock, Boolean asyncClose)
   at System.Data.SqlClient.TdsParser.TryRun(RunBehavior runBehavior, SqlCommand cmdHandler, SqlDataReader dataStream, BulkCopySimpleResultSet bulkCopyHandler, TdsParserStateObject stateObj, Boolean& dataReady)
   at System.Data.SqlClient.SqlDataReader.TryConsumeMetaData()
   at System.Data.SqlClient.SqlDataReader.get_MetaData()
   at System.Data.SqlClient.SqlCommand.FinishExecuteReader(SqlDataReader ds, RunBehavior runBehavior, String resetOptionsString, Boolean isInternal, Boolean forDescribeParameterEncryption, Boolean shouldCacheForAlwaysEncrypted)
   at System.Data.SqlClient.SqlCommand.RunExecuteReaderTds(CommandBehavior cmdBehavior, RunBehavior runBehavior, Boolean returnStream, Boolean async, Int32 timeout, Task& task, Boolean asyncWrite, Boolean inRetry, SqlDataReader ds, Boolean describeParameterEncryptionRequest)
   at System.Data.SqlClient.SqlCommand.RunExecuteReader(CommandBehavior cmdBehavior, RunBehavior runBehavior, Boolean returnStream, String method, TaskCompletionSource`1 completion, Int32 timeout, Task& task, Boolean& usedCache, Boolean asyncWrite, Boolean inRetry)
   at System.Data.SqlClient.SqlCommand.RunExecuteReader(CommandBehavior cmdBehavior, RunBehavior runBehavior, Boolean returnStream, String method)
   at System.Data.SqlClient.SqlCommand.ExecuteReader(CommandBehavior behavior, String method)
   at System.Data.Entity.Infrastructure.Interception.InternalDispatcher`1.Dispatch[TTarget,TInterceptionContext,TResult](TTarget target, Func`3 operation, TInterceptionContext interceptionContext, Action`3 executing, Action`3 executed)
   at System.Data.Entity.Infrastructure.Interception.DbCommandDispatcher.Reader(DbCommand command, DbCommandInterceptionContext interceptionContext)
   at System.Data.Entity.Core.Mapping.Update.Internal.DynamicUpdateCommand.Execute(Dictionary`2 identifierValues, List`1 generatedValues)
   at System.Data.Entity.Core.Mapping.Update.Internal.UpdateTranslator.Update()
   --- End of inner exception stack trace ---
   at System.Data.Entity.Core.Mapping.Update.Internal.UpdateTranslator.Update()
   at System.Data.Entity.Core.Objects.ObjectContext.ExecuteInTransaction[T](Func`1 func, IDbExecutionStrategy executionStrategy, Boolean startLocalTransaction, Boolean releaseConnectionOnSuccess)
   at System.Data.Entity.Core.Objects.ObjectContext.SaveChangesToStore(SaveOptions options, IDbExecutionStrategy executionStrategy, Boolean startLocalTransaction)
   at System.Data.Entity.SqlServer.DefaultSqlExecutionStrategy.Execute[TResult](Func`1 operation)
   at System.Data.Entity.Core.Objects.ObjectContext.SaveChangesInternal(SaveOptions options, Boolean executeInExistingTransaction)
   at System.Data.Entity.Internal.InternalContext.SaveChanges()
   --- End of inner exception stack trace ---
   at System.Data.Entity.Internal.InternalContext.SaveChanges()
   at Company_Registration_API.DataAccess.ApplicantRegistrationDao.CreateApplicant(ApplicantRegisterDTO dto) in D:\Git Repo\Company-Registration\Company-Registration-API\Company-Registration-API\DataAccess\ApplicantRegistrationDao.cs:line 92
2026-04-26 17:09:15,150 ERROR Company_Registration_API.DataAccess.ApplicantRegistrationDao - 
System.Data.Entity.Infrastructure.DbUpdateException: An error occurred while updating the entries. See the inner exception for details. ---> System.Data.Entity.Core.UpdateException: An error occurred while updating the entries. See the inner exception for details. ---> System.Data.SqlClient.SqlException: The conversion of a datetime2 data type to a datetime data type resulted in an out-of-range value.
The statement has been terminated.
   at System.Data.SqlClient.SqlConnection.OnError(SqlException exception, Boolean breakConnection, Action`1 wrapCloseInAction)
   at System.Data.SqlClient.TdsParser.ThrowExceptionAndWarning(TdsParserStateObject stateObj, Boolean callerHasConnectionLock, Boolean asyncClose)
   at System.Data.SqlClient.TdsParser.TryRun(RunBehavior runBehavior, SqlCommand cmdHandler, SqlDataReader dataStream, BulkCopySimpleResultSet bulkCopyHandler, TdsParserStateObject stateObj, Boolean& dataReady)
   at System.Data.SqlClient.SqlDataReader.TryConsumeMetaData()
   at System.Data.SqlClient.SqlDataReader.get_MetaData()
   at System.Data.SqlClient.SqlCommand.FinishExecuteReader(SqlDataReader ds, RunBehavior runBehavior, String resetOptionsString, Boolean isInternal, Boolean forDescribeParameterEncryption, Boolean shouldCacheForAlwaysEncrypted)
   at System.Data.SqlClient.SqlCommand.RunExecuteReaderTds(CommandBehavior cmdBehavior, RunBehavior runBehavior, Boolean returnStream, Boolean async, Int32 timeout, Task& task, Boolean asyncWrite, Boolean inRetry, SqlDataReader ds, Boolean describeParameterEncryptionRequest)
   at System.Data.SqlClient.SqlCommand.RunExecuteReader(CommandBehavior cmdBehavior, RunBehavior runBehavior, Boolean returnStream, String method, TaskCompletionSource`1 completion, Int32 timeout, Task& task, Boolean& usedCache, Boolean asyncWrite, Boolean inRetry)
   at System.Data.SqlClient.SqlCommand.RunExecuteReader(CommandBehavior cmdBehavior, RunBehavior runBehavior, Boolean returnStream, String method)
   at System.Data.SqlClient.SqlCommand.ExecuteReader(CommandBehavior behavior, String method)
   at System.Data.Entity.Infrastructure.Interception.InternalDispatcher`1.Dispatch[TTarget,TInterceptionContext,TResult](TTarget target, Func`3 operation, TInterceptionContext interceptionContext, Action`3 executing, Action`3 executed)
   at System.Data.Entity.Infrastructure.Interception.DbCommandDispatcher.Reader(DbCommand command, DbCommandInterceptionContext interceptionContext)
   at System.Data.Entity.Core.Mapping.Update.Internal.DynamicUpdateCommand.Execute(Dictionary`2 identifierValues, List`1 generatedValues)
   at System.Data.Entity.Core.Mapping.Update.Internal.UpdateTranslator.Update()
   --- End of inner exception stack trace ---
   at System.Data.Entity.Core.Mapping.Update.Internal.UpdateTranslator.Update()
   at System.Data.Entity.Core.Objects.ObjectContext.ExecuteInTransaction[T](Func`1 func, IDbExecutionStrategy executionStrategy, Boolean startLocalTransaction, Boolean releaseConnectionOnSuccess)
   at System.Data.Entity.Core.Objects.ObjectContext.SaveChangesToStore(SaveOptions options, IDbExecutionStrategy executionStrategy, Boolean startLocalTransaction)
   at System.Data.Entity.SqlServer.DefaultSqlExecutionStrategy.Execute[TResult](Func`1 operation)
   at System.Data.Entity.Core.Objects.ObjectContext.SaveChangesInternal(SaveOptions options, Boolean executeInExistingTransaction)
   at System.Data.Entity.Internal.InternalContext.SaveChanges()
   --- End of inner exception stack trace ---
   at System.Data.Entity.Internal.InternalContext.SaveChanges()
   at Company_Registration_API.DataAccess.ApplicantRegistrationDao.CreateApplicant(ApplicantRegisterDTO dto)
2026-04-26 19:16:58,004 INFO  Company_Registration_API.DataAccess.ApplicantRegistrationDao - Rows inserted: 1
2026-04-26 19:19:49,517 INFO  Company_Registration_API.DataAccess.ApplicantRegistrationDao - Rows inserted: 1
2026-04-26 19:27:54,433 INFO  Company_Registration_API.DataAccess.ApplicantRegistrationDao - Total rows now: 1
2026-04-26 19:27:55,099 INFO  Company_Registration_API.DataAccess.ApplicantRegistrationDao - Data Source=.;Initial Catalog=CompanyRegistrationDB;Integrated Security=True
2026-04-26 19:27:55,797 INFO  Company_Registration_API.DataAccess.ApplicantRegistrationDao - Rows inserted: 1
2026-04-26 20:23:24,890 INFO  Company_Registration_API.DataAccess.ApplicantRegistrationDao - Total rows now: 1
2026-04-26 20:23:25,387 INFO  Company_Registration_API.DataAccess.ApplicantRegistrationDao - Data Source=.;Initial Catalog=CompanyRegistrationDB;Integrated Security=True
2026-04-26 20:23:26,210 INFO  Company_Registration_API.DataAccess.ApplicantRegistrationDao - Rows inserted: 1
2026-04-26 21:53:24,669 INFO  Company_Registration_API.DataAccess.ApplicantRegistrationDao - Total rows now: 1
2026-04-26 21:53:25,482 INFO  Company_Registration_API.DataAccess.ApplicantRegistrationDao - Data Source=.;Initial Catalog=CompanyRegistrationDB;Integrated Security=True
2026-04-26 21:54:15,603 INFO  Company_Registration_API.DataAccess.ApplicantRegistrationDao - Rows inserted: 1
2026-04-26 22:19:32,144 INFO  Company_Registration_API.DataAccess.ApplicantRegistrationDao - Total rows now: 1
2026-04-26 22:19:35,096 INFO  Company_Registration_API.DataAccess.ApplicantRegistrationDao - Unchanged
2026-04-26 22:19:36,804 INFO  Company_Registration_API.DataAccess.ApplicantRegistrationDao - Data Source=.;Initial Catalog=CompanyRegistrationDB;Integrated Security=True
2026-04-26 22:19:40,199 INFO  Company_Registration_API.DataAccess.ApplicantRegistrationDao - Rows inserted: 1
2026-04-26 22:27:31,043 INFO  Company_Registration_API.DataAccess.ApplicantRegistrationDao - Total rows now: 1
2026-04-26 22:27:31,043 INFO  Company_Registration_API.DataAccess.ApplicantRegistrationDao - Unchanged
2026-04-26 22:27:31,043 INFO  Company_Registration_API.DataAccess.ApplicantRegistrationDao - Data Source=.;Initial Catalog=CompanyRegistrationDB;Integrated Security=True
2026-04-26 22:27:31,043 INFO  Company_Registration_API.DataAccess.ApplicantRegistrationDao - Rows inserted: 1
2026-04-27 21:52:12,922 ERROR Company_Registration_API.Services.SystemUserService - 
Company_Registration_API.Utils.ApiException: User doesn't exist
   at Company_Registration_API.DataAccess.SystemUsersDao.ValidateUser(LoginDTO dto) in D:\Git Repo\Company-Registration\Company-Registration-API\Company-Registration-API\DataAccess\SystemUsersDao.cs:line 226
   at Company_Registration_API.Services.SystemUserService.ValidateUser(LoginDTO dto) in D:\Git Repo\Company-Registration\Company-Registration-API\Company-Registration-API\Services\SystemUserService.cs:line 154
2026-04-27 21:52:13,033 DEBUG Company_Registration_API.Services.SystemUserService - API END : 04/27/2026 15:22:13
2026-04-27 22:12:19,017 ERROR Company_Registration_API.Models.CompanyApplicants - 
Company_Registration_API.Utils.ApiException: Email already exists
   at Company_Registration_API.DataAccess.ApplicantRegistrationDao.IsEmailExist(String email)
   at Company_Registration_API.Services.CompanyApplicantService.Register(ApplicantRegisterDTO dto)
2026-04-27 22:13:15,195 ERROR Company_Registration_API.Models.CompanyApplicants - 
Company_Registration_API.Utils.ApiException: Email already exists
   at Company_Registration_API.DataAccess.ApplicantRegistrationDao.IsEmailExist(String email)
   at Company_Registration_API.Services.CompanyApplicantService.Register(ApplicantRegisterDTO dto)
2026-04-27 22:13:40,505 ERROR Company_Registration_API.Models.CompanyApplicants - 
Company_Registration_API.Utils.ApiException: Email already exists
   at Company_Registration_API.DataAccess.ApplicantRegistrationDao.IsEmailExist(String email)
   at Company_Registration_API.Services.CompanyApplicantService.Register(ApplicantRegisterDTO dto)
2026-04-27 22:14:17,215 ERROR Company_Registration_API.Models.CompanyApplicants - 
Company_Registration_API.Utils.ApiException: Email already exists
   at Company_Registration_API.DataAccess.ApplicantRegistrationDao.IsEmailExist(String email)
   at Company_Registration_API.Services.CompanyApplicantService.Register(ApplicantRegisterDTO dto)
2026-04-28 00:15:45,727 ERROR Company_Registration_API.Models.CompanyApplicants - 
Company_Registration_API.Utils.ApiException: Email already exists
   at Company_Registration_API.DataAccess.ApplicantRegistrationDao.IsEmailExist(String email) in D:\Git Repo\Company-Registration\Company-Registration-API\Company-Registration-API\DataAccess\ApplicantRegistrationDao.cs:line 41
   at Company_Registration_API.Services.CompanyApplicantService.Register(ApplicantRegisterDTO dto) in D:\Git Repo\Company-Registration\Company-Registration-API\Company-Registration-API\Services\CompanyApplicantService.cs:line 35
2026-04-28 00:16:44,579 ERROR Company_Registration_API.Models.CompanyApplicants - 
Company_Registration_API.Utils.ApiException: Email already exists
   at Company_Registration_API.DataAccess.ApplicantRegistrationDao.IsEmailExist(String email) in D:\Git Repo\Company-Registration\Company-Registration-API\Company-Registration-API\DataAccess\ApplicantRegistrationDao.cs:line 41
   at Company_Registration_API.Services.CompanyApplicantService.Register(ApplicantRegisterDTO dto) in D:\Git Repo\Company-Registration\Company-Registration-API\Company-Registration-API\Services\CompanyApplicantService.cs:line 35
2026-04-28 00:22:58,926 ERROR Company_Registration_API.Models.CompanyApplicants - 
Company_Registration_API.Utils.ApiException: Email already exists
   at Company_Registration_API.DataAccess.ApplicantRegistrationDao.IsEmailExist(String email) in D:\Git Repo\Company-Registration\Company-Registration-API\Company-Registration-API\DataAccess\ApplicantRegistrationDao.cs:line 41
   at Company_Registration_API.Services.CompanyApplicantService.Register(ApplicantRegisterDTO dto) in D:\Git Repo\Company-Registration\Company-Registration-API\Company-Registration-API\Services\CompanyApplicantService.cs:line 35
2026-04-28 00:25:57,633 ERROR Company_Registration_API.Models.CompanyApplicants - 
Company_Registration_API.Utils.ApiException: Exist NRC No
   at Company_Registration_API.DataAccess.ApplicantRegistrationDao.ValidateIdentityNumber(String identityNumber) in D:\Git Repo\Company-Registration\Company-Registration-API\Company-Registration-API\DataAccess\ApplicantRegistrationDao.cs:line 240
   at Company_Registration_API.Services.CompanyApplicantService.Register(ApplicantRegisterDTO dto) in D:\Git Repo\Company-Registration\Company-Registration-API\Company-Registration-API\Services\CompanyApplicantService.cs:line 36
2026-04-29 10:23:19,396 ERROR Company_Registration_API.Services.SystemUserService - 
Company_Registration_API.Utils.ApiException: User doesn't exist
   at Company_Registration_API.DataAccess.SystemUsersDao.ValidateUser(LoginDTO dto) in D:\Git Repo\Company-Registration\Company-Registration-API\Company-Registration-API\DataAccess\SystemUsersDao.cs:line 237
   at Company_Registration_API.Services.SystemUserService.ValidateUser(LoginDTO dto) in D:\Git Repo\Company-Registration\Company-Registration-API\Company-Registration-API\Services\SystemUserService.cs:line 140
2026-04-29 10:23:19,521 DEBUG Company_Registration_API.Services.SystemUserService - API END : 04/29/2026 03:53:19
2026-04-29 10:25:10,044 DEBUG Company_Registration_API.Services.SystemUserService - API END : 04/29/2026 03:55:10
2026-04-29 10:25:30,577 DEBUG Company_Registration_API.Services.SystemUserService - API END : 04/29/2026 03:55:30
2026-04-29 10:27:01,621 DEBUG Company_Registration_API.Services.SystemUserService - API END : 04/29/2026 03:57:01
2026-04-29 10:39:49,798 ERROR Company_Registration_API.Services.SystemUserService - 
Company_Registration_API.Utils.ApiException: Invalid Password
   at Company_Registration_API.DataAccess.SystemUsersDao.ValidateUser(LoginDTO dto) in D:\Git Repo\Company-Registration\Company-Registration-API\Company-Registration-API\DataAccess\SystemUsersDao.cs:line 237
   at Company_Registration_API.Services.SystemUserService.ValidateUser(LoginDTO dto) in D:\Git Repo\Company-Registration\Company-Registration-API\Company-Registration-API\Services\SystemUserService.cs:line 140
2026-04-29 10:40:01,678 DEBUG Company_Registration_API.Services.SystemUserService - API END : 04/29/2026 04:10:01
2026-04-29 10:41:07,640 DEBUG Company_Registration_API.Services.SystemUserService - API END : 04/29/2026 04:11:07
2026-04-29 10:44:23,933 DEBUG Company_Registration_API.Services.SystemUserService - API END : 04/29/2026 04:14:23
2026-04-29 10:44:23,933 DEBUG Company_Registration_API.Services.SystemUserService - API END : 04/29/2026 04:14:23
2026-04-29 10:45:48,232 DEBUG Company_Registration_API.Services.SystemUserService - API END : 04/29/2026 04:15:48
2026-04-29 10:47:37,875 DEBUG Company_Registration_API.Services.SystemUserService - API END : 04/29/2026 04:17:37
2026-04-29 11:10:42,185 DEBUG Company_Registration_API.Services.SystemUserService - API END : 04/29/2026 04:40:42
2026-04-29 11:18:02,707 ERROR Company_Registration_API.Services.SystemUserService - 
Company_Registration_API.Utils.ApiException: User doesn't exist
   at Company_Registration_API.DataAccess.SystemUsersDao.ValidateUser(LoginDTO dto) in D:\Git Repo\Company-Registration\Company-Registration-API\Company-Registration-API\DataAccess\SystemUsersDao.cs:line 237
   at Company_Registration_API.Services.SystemUserService.ValidateUser(LoginDTO dto) in D:\Git Repo\Company-Registration\Company-Registration-API\Company-Registration-API\Services\SystemUserService.cs:line 140
2026-04-29 11:18:02,707 DEBUG Company_Registration_API.Services.SystemUserService - API END : 04/29/2026 04:48:02
2026-04-29 11:18:21,274 DEBUG Company_Registration_API.Services.SystemUserService - API END : 04/29/2026 04:48:21
2026-04-29 11:22:43,419 DEBUG Company_Registration_API.Services.SystemUserService - API END : 04/29/2026 04:52:43
2026-04-29 11:23:23,500 DEBUG Company_Registration_API.Services.SystemUserService - API END : 04/29/2026 04:53:23
2026-04-29 11:23:30,601 ERROR Company_Registration_API.DataAccess.SystemUsersDao - 
System.Data.Entity.Core.EntityCommandExecutionException: An error occurred while executing the command definition. See the inner exception for details. ---> System.Data.SqlClient.SqlException: Invalid column name 'IsActive'.
   at System.Data.SqlClient.SqlConnection.OnError(SqlException exception, Boolean breakConnection, Action`1 wrapCloseInAction)
   at System.Data.SqlClient.TdsParser.ThrowExceptionAndWarning(TdsParserStateObject stateObj, Boolean callerHasConnectionLock, Boolean asyncClose)
   at System.Data.SqlClient.TdsParser.TryRun(RunBehavior runBehavior, SqlCommand cmdHandler, SqlDataReader dataStream, BulkCopySimpleResultSet bulkCopyHandler, TdsParserStateObject stateObj, Boolean& dataReady)
   at System.Data.SqlClient.SqlDataReader.TryConsumeMetaData()
   at System.Data.SqlClient.SqlDataReader.get_MetaData()
   at System.Data.SqlClient.SqlCommand.FinishExecuteReader(SqlDataReader ds, RunBehavior runBehavior, String resetOptionsString, Boolean isInternal, Boolean forDescribeParameterEncryption, Boolean shouldCacheForAlwaysEncrypted)
   at System.Data.SqlClient.SqlCommand.RunExecuteReaderTds(CommandBehavior cmdBehavior, RunBehavior runBehavior, Boolean returnStream, Boolean async, Int32 timeout, Task& task, Boolean asyncWrite, Boolean inRetry, SqlDataReader ds, Boolean describeParameterEncryptionRequest)
   at System.Data.SqlClient.SqlCommand.RunExecuteReader(CommandBehavior cmdBehavior, RunBehavior runBehavior, Boolean returnStream, String method, TaskCompletionSource`1 completion, Int32 timeout, Task& task, Boolean& usedCache, Boolean asyncWrite, Boolean inRetry)
   at System.Data.SqlClient.SqlCommand.RunExecuteReader(CommandBehavior cmdBehavior, RunBehavior runBehavior, Boolean returnStream, String method)
   at System.Data.SqlClient.SqlCommand.ExecuteReader(CommandBehavior behavior, String method)
   at System.Data.Entity.Infrastructure.Interception.InternalDispatcher`1.Dispatch[TTarget,TInterceptionContext,TResult](TTarget target, Func`3 operation, TInterceptionContext interceptionContext, Action`3 executing, Action`3 executed)
   at System.Data.Entity.Infrastructure.Interception.DbCommandDispatcher.Reader(DbCommand command, DbCommandInterceptionContext interceptionContext)
   at System.Data.Entity.Core.EntityClient.Internal.EntityCommandDefinition.ExecuteStoreCommands(EntityCommand entityCommand, CommandBehavior behavior)
   --- End of inner exception stack trace ---
   at System.Data.Entity.Core.EntityClient.Internal.EntityCommandDefinition.ExecuteStoreCommands(EntityCommand entityCommand, CommandBehavior behavior)
   at System.Data.Entity.Core.Objects.Internal.ObjectQueryExecutionPlan.Execute[TResultType](ObjectContext context, ObjectParameterCollection parameterValues)
   at System.Data.Entity.Core.Objects.ObjectContext.ExecuteInTransaction[T](Func`1 func, IDbExecutionStrategy executionStrategy, Boolean startLocalTransaction, Boolean releaseConnectionOnSuccess)
   at System.Data.Entity.Core.Objects.ObjectQuery`1.<>c__DisplayClass41_0.<GetResults>b__0()
   at System.Data.Entity.SqlServer.DefaultSqlExecutionStrategy.Execute[TResult](Func`1 operation)
   at System.Data.Entity.Core.Objects.ObjectQuery`1.GetResults(Nullable`1 forMergeOption)
   at System.Data.Entity.Core.Objects.ObjectQuery`1.<System.Collections.Generic.IEnumerable<T>.GetEnumerator>b__31_0()
   at System.Data.Entity.Internal.LazyEnumerator`1.MoveNext()
   at System.Linq.Enumerable.FirstOrDefault[TSource](IEnumerable`1 source)
   at Company_Registration_API.DataAccess.SystemUsersDao.GetUserById(Int64 id) in D:\Git Repo\Company-Registration\Company-Registration-API\Company-Registration-API\DataAccess\SystemUsersDao.cs:line 112
2026-04-29 11:23:30,805 ERROR Company_Registration_API.Services.SystemUserService - 
Company_Registration_API.Utils.ApiException: Adding fail.
   at Company_Registration_API.DataAccess.SystemUsersDao.GetUserById(Int64 id) in D:\Git Repo\Company-Registration\Company-Registration-API\Company-Registration-API\DataAccess\SystemUsersDao.cs:line 131
   at Company_Registration_API.Services.SystemUserService.GetSystemUserById(Int64 id) in D:\Git Repo\Company-Registration\Company-Registration-API\Company-Registration-API\Services\SystemUserService.cs:line 83
2026-04-29 11:23:30,806 DEBUG Company_Registration_API.Services.SystemUserService - API END : 04/29/2026 04:53:30
2026-04-29 11:37:10,908 DEBUG Company_Registration_API.Services.SystemUserService - API END : 04/29/2026 05:07:10
2026-04-29 12:15:44,019 DEBUG Company_Registration_API.Services.SystemUserService - API END : 04/29/2026 05:45:44
2026-04-29 12:16:12,763 ERROR Company_Registration_API.DataAccess.SystemUsersDao - 
System.Data.Entity.Infrastructure.DbUpdateException: An error occurred while updating the entries. See the inner exception for details. ---> System.Data.Entity.Core.UpdateException: An error occurred while updating the entries. See the inner exception for details. ---> System.Data.SqlClient.SqlException: Invalid column name 'IsActive'.
   at System.Data.SqlClient.SqlConnection.OnError(SqlException exception, Boolean breakConnection, Action`1 wrapCloseInAction)
   at System.Data.SqlClient.TdsParser.ThrowExceptionAndWarning(TdsParserStateObject stateObj, Boolean callerHasConnectionLock, Boolean asyncClose)
   at System.Data.SqlClient.TdsParser.TryRun(RunBehavior runBehavior, SqlCommand cmdHandler, SqlDataReader dataStream, BulkCopySimpleResultSet bulkCopyHandler, TdsParserStateObject stateObj, Boolean& dataReady)
   at System.Data.SqlClient.SqlDataReader.TryConsumeMetaData()
   at System.Data.SqlClient.SqlDataReader.get_MetaData()
   at System.Data.SqlClient.SqlCommand.FinishExecuteReader(SqlDataReader ds, RunBehavior runBehavior, String resetOptionsString, Boolean isInternal, Boolean forDescribeParameterEncryption, Boolean shouldCacheForAlwaysEncrypted)
   at System.Data.SqlClient.SqlCommand.RunExecuteReaderTds(CommandBehavior cmdBehavior, RunBehavior runBehavior, Boolean returnStream, Boolean async, Int32 timeout, Task& task, Boolean asyncWrite, Boolean inRetry, SqlDataReader ds, Boolean describeParameterEncryptionRequest)
   at System.Data.SqlClient.SqlCommand.RunExecuteReader(CommandBehavior cmdBehavior, RunBehavior runBehavior, Boolean returnStream, String method, TaskCompletionSource`1 completion, Int32 timeout, Task& task, Boolean& usedCache, Boolean asyncWrite, Boolean inRetry)
   at System.Data.SqlClient.SqlCommand.RunExecuteReader(CommandBehavior cmdBehavior, RunBehavior runBehavior, Boolean returnStream, String method)
   at System.Data.SqlClient.SqlCommand.ExecuteReader(CommandBehavior behavior, String method)
   at System.Data.Entity.Infrastructure.Interception.InternalDispatcher`1.Dispatch[TTarget,TInterceptionContext,TResult](TTarget target, Func`3 operation, TInterceptionContext interceptionContext, Action`3 executing, Action`3 executed)
   at System.Data.Entity.Infrastructure.Interception.DbCommandDispatcher.Reader(DbCommand command, DbCommandInterceptionContext interceptionContext)
   at System.Data.Entity.Core.Mapping.Update.Internal.DynamicUpdateCommand.Execute(Dictionary`2 identifierValues, List`1 generatedValues)
   at System.Data.Entity.Core.Mapping.Update.Internal.UpdateTranslator.Update()
   --- End of inner exception stack trace ---
   at System.Data.Entity.Core.Mapping.Update.Internal.UpdateTranslator.Update()
   at System.Data.Entity.Core.Objects.ObjectContext.ExecuteInTransaction[T](Func`1 func, IDbExecutionStrategy executionStrategy, Boolean startLocalTransaction, Boolean releaseConnectionOnSuccess)
   at System.Data.Entity.Core.Objects.ObjectContext.SaveChangesToStore(SaveOptions options, IDbExecutionStrategy executionStrategy, Boolean startLocalTransaction)
   at System.Data.Entity.SqlServer.DefaultSqlExecutionStrategy.Execute[TResult](Func`1 operation)
   at System.Data.Entity.Core.Objects.ObjectContext.SaveChangesInternal(SaveOptions options, Boolean executeInExistingTransaction)
   at System.Data.Entity.Internal.InternalContext.SaveChanges()
   --- End of inner exception stack trace ---
   at System.Data.Entity.Internal.InternalContext.SaveChanges()
   at Company_Registration_API.DataAccess.SystemUsersDao.CreateUpdateSystemUser(Int64 id, CreateUserDto dto) in D:\Git Repo\Company-Registration\Company-Registration-API\Company-Registration-API\DataAccess\SystemUsersDao.cs:line 94
2026-04-29 12:16:12,808 ERROR Company_Registration_API.Services.SystemUserService - 
Company_Registration_API.Utils.ApiException: Adding fail.
   at Company_Registration_API.DataAccess.SystemUsersDao.CreateUpdateSystemUser(Int64 id, CreateUserDto dto) in D:\Git Repo\Company-Registration\Company-Registration-API\Company-Registration-API\DataAccess\SystemUsersDao.cs:line 104
   at Company_Registration_API.Services.SystemUserService.CreateUpdateSystemUser(Int64 id, CreateUserDto dto) in D:\Git Repo\Company-Registration\Company-Registration-API\Company-Registration-API\Services\SystemUserService.cs:line 55
2026-04-29 12:16:12,809 DEBUG Company_Registration_API.Services.SystemUserService - API END : 04/29/2026 05:46:12
2026-04-29 12:16:24,227 ERROR Company_Registration_API.DataAccess.SystemUsersDao - 
System.Data.Entity.Infrastructure.DbUpdateException: An error occurred while updating the entries. See the inner exception for details. ---> System.Data.Entity.Core.UpdateException: An error occurred while updating the entries. See the inner exception for details. ---> System.Data.SqlClient.SqlException: Invalid column name 'IsActive'.
   at System.Data.SqlClient.SqlConnection.OnError(SqlException exception, Boolean breakConnection, Action`1 wrapCloseInAction)
   at System.Data.SqlClient.TdsParser.ThrowExceptionAndWarning(TdsParserStateObject stateObj, Boolean callerHasConnectionLock, Boolean asyncClose)
   at System.Data.SqlClient.TdsParser.TryRun(RunBehavior runBehavior, SqlCommand cmdHandler, SqlDataReader dataStream, BulkCopySimpleResultSet bulkCopyHandler, TdsParserStateObject stateObj, Boolean& dataReady)
   at System.Data.SqlClient.SqlDataReader.TryConsumeMetaData()
   at System.Data.SqlClient.SqlDataReader.get_MetaData()
   at System.Data.SqlClient.SqlCommand.FinishExecuteReader(SqlDataReader ds, RunBehavior runBehavior, String resetOptionsString, Boolean isInternal, Boolean forDescribeParameterEncryption, Boolean shouldCacheForAlwaysEncrypted)
   at System.Data.SqlClient.SqlCommand.RunExecuteReaderTds(CommandBehavior cmdBehavior, RunBehavior runBehavior, Boolean returnStream, Boolean async, Int32 timeout, Task& task, Boolean asyncWrite, Boolean inRetry, SqlDataReader ds, Boolean describeParameterEncryptionRequest)
   at System.Data.SqlClient.SqlCommand.RunExecuteReader(CommandBehavior cmdBehavior, RunBehavior runBehavior, Boolean returnStream, String method, TaskCompletionSource`1 completion, Int32 timeout, Task& task, Boolean& usedCache, Boolean asyncWrite, Boolean inRetry)
   at System.Data.SqlClient.SqlCommand.RunExecuteReader(CommandBehavior cmdBehavior, RunBehavior runBehavior, Boolean returnStream, String method)
   at System.Data.SqlClient.SqlCommand.ExecuteReader(CommandBehavior behavior, String method)
   at System.Data.Entity.Infrastructure.Interception.InternalDispatcher`1.Dispatch[TTarget,TInterceptionContext,TResult](TTarget target, Func`3 operation, TInterceptionContext interceptionContext, Action`3 executing, Action`3 executed)
   at System.Data.Entity.Infrastructure.Interception.DbCommandDispatcher.Reader(DbCommand command, DbCommandInterceptionContext interceptionContext)
   at System.Data.Entity.Core.Mapping.Update.Internal.DynamicUpdateCommand.Execute(Dictionary`2 identifierValues, List`1 generatedValues)
   at System.Data.Entity.Core.Mapping.Update.Internal.UpdateTranslator.Update()
   --- End of inner exception stack trace ---
   at System.Data.Entity.Core.Mapping.Update.Internal.UpdateTranslator.Update()
   at System.Data.Entity.Core.Objects.ObjectContext.ExecuteInTransaction[T](Func`1 func, IDbExecutionStrategy executionStrategy, Boolean startLocalTransaction, Boolean releaseConnectionOnSuccess)
   at System.Data.Entity.Core.Objects.ObjectContext.SaveChangesToStore(SaveOptions options, IDbExecutionStrategy executionStrategy, Boolean startLocalTransaction)
   at System.Data.Entity.SqlServer.DefaultSqlExecutionStrategy.Execute[TResult](Func`1 operation)
   at System.Data.Entity.Core.Objects.ObjectContext.SaveChangesInternal(SaveOptions options, Boolean executeInExistingTransaction)
   at System.Data.Entity.Internal.InternalContext.SaveChanges()
   --- End of inner exception stack trace ---
   at System.Data.Entity.Internal.InternalContext.SaveChanges()
   at Company_Registration_API.DataAccess.SystemUsersDao.CreateUpdateSystemUser(Int64 id, CreateUserDto dto) in D:\Git Repo\Company-Registration\Company-Registration-API\Company-Registration-API\DataAccess\SystemUsersDao.cs:line 94
2026-04-29 12:16:24,269 ERROR Company_Registration_API.Services.SystemUserService - 
Company_Registration_API.Utils.ApiException: Adding fail.
   at Company_Registration_API.DataAccess.SystemUsersDao.CreateUpdateSystemUser(Int64 id, CreateUserDto dto) in D:\Git Repo\Company-Registration\Company-Registration-API\Company-Registration-API\DataAccess\SystemUsersDao.cs:line 104
   at Company_Registration_API.Services.SystemUserService.CreateUpdateSystemUser(Int64 id, CreateUserDto dto) in D:\Git Repo\Company-Registration\Company-Registration-API\Company-Registration-API\Services\SystemUserService.cs:line 55
2026-04-29 12:16:24,269 DEBUG Company_Registration_API.Services.SystemUserService - API END : 04/29/2026 05:46:24
2026-05-03 20:57:01,460 DEBUG Company_Registration_API.Services.SystemUserService - API END : 05/03/2026 14:27:01
2026-05-03 21:57:49,639 DEBUG Company_Registration_API.Services.SystemUserService - API END : 05/03/2026 15:27:49
2026-05-03 23:26:39,582 DEBUG Company_Registration_API.Services.SystemUserService - API END : 05/03/2026 16:56:39
2026-05-03 23:47:56,259 DEBUG Company_Registration_API.Services.SystemUserService - API END : 05/03/2026 17:17:56
2026-05-04 10:07:55,091 DEBUG Company_Registration_API.Services.SystemUserService - API END : 05/04/2026 03:37:55
2026-05-04 10:18:05,656 ERROR Company_Registration_API.Models.CompanyApplicants - 
Company_Registration_API.Utils.ApiException: Fail to read
   at Company_Registration_API.DataAccess.CompanyRegistrationDao.GetAll(Int64 userId)
   at Company_Registration_API.Services.CompanyRegistrationService.GetAllCompanies(Int64 userId)
2026-05-04 10:19:47,566 ERROR Company_Registration_API.Models.CompanyApplicants - 
Company_Registration_API.Utils.ApiException: Fail to read
   at Company_Registration_API.DataAccess.CompanyRegistrationDao.GetAll(Int64 userId)
   at Company_Registration_API.Services.CompanyRegistrationService.GetAllCompanies(Int64 userId)
2026-05-04 10:22:07,709 ERROR Company_Registration_API.Models.CompanyApplicants - 
Company_Registration_API.Utils.ApiException: Fail to read
   at Company_Registration_API.DataAccess.CompanyRegistrationDao.GetAll(Int64 userId)
   at Company_Registration_API.Services.CompanyRegistrationService.GetAllCompanies(Int64 userId)
2026-05-04 10:23:18,072 ERROR Company_Registration_API.Models.CompanyApplicants - 
Company_Registration_API.Utils.ApiException: Fail to read
   at Company_Registration_API.DataAccess.CompanyRegistrationDao.GetAll(Int64 userId)
   at Company_Registration_API.Services.CompanyRegistrationService.GetAllCompanies(Int64 userId)
2026-05-04 10:24:12,784 ERROR Company_Registration_API.Models.CompanyApplicants - 
Company_Registration_API.Utils.ApiException: Fail to read
   at Company_Registration_API.DataAccess.CompanyRegistrationDao.GetAll(Int64 userId)
   at Company_Registration_API.Services.CompanyRegistrationService.GetAllCompanies(Int64 userId)
2026-05-04 10:27:13,543 ERROR Company_Registration_API.Models.CompanyApplicants - 
Company_Registration_API.Utils.ApiException: Fail to read
   at Company_Registration_API.DataAccess.CompanyRegistrationDao.GetAll(Int64 userId)
   at Company_Registration_API.Services.CompanyRegistrationService.GetAllCompanies(Int64 userId)
2026-05-04 10:45:44,853 ERROR Company_Registration_API.DataAccess.CompanyRegistrationDao - 
System.ArgumentNullException: Value cannot be null.
Parameter name: inner
   at System.Linq.Queryable.GroupJoin[TOuter,TInner,TKey,TResult](IQueryable`1 outer, IEnumerable`1 inner, Expression`1 outerKeySelector, Expression`1 innerKeySelector, Expression`1 resultSelector)
   at Company_Registration_API.DataAccess.CompanyRegistrationDao.GetAll(Int64 userId) in D:\Git Repo\Company-Registration\Company-Registration-API\Company-Registration-API\DataAccess\CompanyRegistrationDao.cs:line 61
2026-05-04 10:45:48,955 ERROR Company_Registration_API.Models.CompanyApplicants - 
Company_Registration_API.Utils.ApiException: Fail to read
   at Company_Registration_API.DataAccess.CompanyRegistrationDao.GetAll(Int64 userId) in D:\Git Repo\Company-Registration\Company-Registration-API\Company-Registration-API\DataAccess\CompanyRegistrationDao.cs:line 114
   at Company_Registration_API.Services.CompanyRegistrationService.GetAllCompanies(Int64 userId) in D:\Git Repo\Company-Registration\Company-Registration-API\Company-Registration-API\Services\CompanyRegistrationService.cs:line 41
2026-05-04 11:01:07,469 DEBUG Company_Registration_API.Services.SystemUserService - API END : 05/04/2026 04:31:07
2026-05-04 11:07:36,260 DEBUG Company_Registration_API.Services.SystemUserService - API END : 05/04/2026 04:37:36
2026-05-04 11:17:36,658 DEBUG Company_Registration_API.Services.SystemUserService - API END : 05/04/2026 04:47:36
2026-05-04 11:17:44,834 ERROR Company_Registration_API.DataAccess.SystemUsersDao - 
System.Data.Entity.Core.EntityCommandExecutionException: An error occurred while executing the command definition. See the inner exception for details. ---> System.Data.SqlClient.SqlException: Invalid column name 'IsActive'.
   at System.Data.SqlClient.SqlConnection.OnError(SqlException exception, Boolean breakConnection, Action`1 wrapCloseInAction)
   at System.Data.SqlClient.TdsParser.ThrowExceptionAndWarning(TdsParserStateObject stateObj, Boolean callerHasConnectionLock, Boolean asyncClose)
   at System.Data.SqlClient.TdsParser.TryRun(RunBehavior runBehavior, SqlCommand cmdHandler, SqlDataReader dataStream, BulkCopySimpleResultSet bulkCopyHandler, TdsParserStateObject stateObj, Boolean& dataReady)
   at System.Data.SqlClient.SqlDataReader.TryConsumeMetaData()
   at System.Data.SqlClient.SqlDataReader.get_MetaData()
   at System.Data.SqlClient.SqlCommand.FinishExecuteReader(SqlDataReader ds, RunBehavior runBehavior, String resetOptionsString, Boolean isInternal, Boolean forDescribeParameterEncryption, Boolean shouldCacheForAlwaysEncrypted)
   at System.Data.SqlClient.SqlCommand.RunExecuteReaderTds(CommandBehavior cmdBehavior, RunBehavior runBehavior, Boolean returnStream, Boolean async, Int32 timeout, Task& task, Boolean asyncWrite, Boolean inRetry, SqlDataReader ds, Boolean describeParameterEncryptionRequest)
   at System.Data.SqlClient.SqlCommand.RunExecuteReader(CommandBehavior cmdBehavior, RunBehavior runBehavior, Boolean returnStream, String method, TaskCompletionSource`1 completion, Int32 timeout, Task& task, Boolean& usedCache, Boolean asyncWrite, Boolean inRetry)
   at System.Data.SqlClient.SqlCommand.RunExecuteReader(CommandBehavior cmdBehavior, RunBehavior runBehavior, Boolean returnStream, String method)
   at System.Data.SqlClient.SqlCommand.ExecuteReader(CommandBehavior behavior, String method)
   at System.Data.Entity.Infrastructure.Interception.InternalDispatcher`1.Dispatch[TTarget,TInterceptionContext,TResult](TTarget target, Func`3 operation, TInterceptionContext interceptionContext, Action`3 executing, Action`3 executed)
   at System.Data.Entity.Infrastructure.Interception.DbCommandDispatcher.Reader(DbCommand command, DbCommandInterceptionContext interceptionContext)
   at System.Data.Entity.Core.EntityClient.Internal.EntityCommandDefinition.ExecuteStoreCommands(EntityCommand entityCommand, CommandBehavior behavior)
   --- End of inner exception stack trace ---
   at System.Data.Entity.Core.EntityClient.Internal.EntityCommandDefinition.ExecuteStoreCommands(EntityCommand entityCommand, CommandBehavior behavior)
   at System.Data.Entity.Core.Objects.Internal.ObjectQueryExecutionPlan.Execute[TResultType](ObjectContext context, ObjectParameterCollection parameterValues)
   at System.Data.Entity.Core.Objects.ObjectContext.ExecuteInTransaction[T](Func`1 func, IDbExecutionStrategy executionStrategy, Boolean startLocalTransaction, Boolean releaseConnectionOnSuccess)
   at System.Data.Entity.Core.Objects.ObjectQuery`1.<>c__DisplayClass41_0.<GetResults>b__0()
   at System.Data.Entity.SqlServer.DefaultSqlExecutionStrategy.Execute[TResult](Func`1 operation)
   at System.Data.Entity.Core.Objects.ObjectQuery`1.GetResults(Nullable`1 forMergeOption)
   at System.Data.Entity.Core.Objects.ObjectQuery`1.<System.Collections.Generic.IEnumerable<T>.GetEnumerator>b__31_0()
   at System.Data.Entity.Internal.LazyEnumerator`1.MoveNext()
   at System.Linq.Enumerable.FirstOrDefault[TSource](IEnumerable`1 source)
   at Company_Registration_API.DataAccess.SystemUsersDao.GetUserById(Int64 id) in D:\Git Repo\Company-Registration\Company-Registration-API\Company-Registration-API\DataAccess\SystemUsersDao.cs:line 112
2026-05-04 11:17:45,164 ERROR Company_Registration_API.Services.SystemUserService - 
Company_Registration_API.Utils.ApiException: Adding fail.
   at Company_Registration_API.DataAccess.SystemUsersDao.GetUserById(Int64 id) in D:\Git Repo\Company-Registration\Company-Registration-API\Company-Registration-API\DataAccess\SystemUsersDao.cs:line 131
   at Company_Registration_API.Services.SystemUserService.GetSystemUserById(Int64 id) in D:\Git Repo\Company-Registration\Company-Registration-API\Company-Registration-API\Services\SystemUserService.cs:line 83
2026-05-04 11:17:45,166 DEBUG Company_Registration_API.Services.SystemUserService - API END : 05/04/2026 04:47:45
2026-05-04 11:17:54,772 ERROR Company_Registration_API.DataAccess.SystemUsersDao - 
System.Data.Entity.Core.EntityCommandExecutionException: An error occurred while executing the command definition. See the inner exception for details. ---> System.Data.SqlClient.SqlException: Invalid column name 'IsActive'.
   at System.Data.SqlClient.SqlConnection.OnError(SqlException exception, Boolean breakConnection, Action`1 wrapCloseInAction)
   at System.Data.SqlClient.TdsParser.ThrowExceptionAndWarning(TdsParserStateObject stateObj, Boolean callerHasConnectionLock, Boolean asyncClose)
   at System.Data.SqlClient.TdsParser.TryRun(RunBehavior runBehavior, SqlCommand cmdHandler, SqlDataReader dataStream, BulkCopySimpleResultSet bulkCopyHandler, TdsParserStateObject stateObj, Boolean& dataReady)
   at System.Data.SqlClient.SqlDataReader.TryConsumeMetaData()
   at System.Data.SqlClient.SqlDataReader.get_MetaData()
   at System.Data.SqlClient.SqlCommand.FinishExecuteReader(SqlDataReader ds, RunBehavior runBehavior, String resetOptionsString, Boolean isInternal, Boolean forDescribeParameterEncryption, Boolean shouldCacheForAlwaysEncrypted)
   at System.Data.SqlClient.SqlCommand.RunExecuteReaderTds(CommandBehavior cmdBehavior, RunBehavior runBehavior, Boolean returnStream, Boolean async, Int32 timeout, Task& task, Boolean asyncWrite, Boolean inRetry, SqlDataReader ds, Boolean describeParameterEncryptionRequest)
   at System.Data.SqlClient.SqlCommand.RunExecuteReader(CommandBehavior cmdBehavior, RunBehavior runBehavior, Boolean returnStream, String method, TaskCompletionSource`1 completion, Int32 timeout, Task& task, Boolean& usedCache, Boolean asyncWrite, Boolean inRetry)
   at System.Data.SqlClient.SqlCommand.RunExecuteReader(CommandBehavior cmdBehavior, RunBehavior runBehavior, Boolean returnStream, String method)
   at System.Data.SqlClient.SqlCommand.ExecuteReader(CommandBehavior behavior, String method)
   at System.Data.Entity.Infrastructure.Interception.InternalDispatcher`1.Dispatch[TTarget,TInterceptionContext,TResult](TTarget target, Func`3 operation, TInterceptionContext interceptionContext, Action`3 executing, Action`3 executed)
   at System.Data.Entity.Infrastructure.Interception.DbCommandDispatcher.Reader(DbCommand command, DbCommandInterceptionContext interceptionContext)
   at System.Data.Entity.Core.EntityClient.Internal.EntityCommandDefinition.ExecuteStoreCommands(EntityCommand entityCommand, CommandBehavior behavior)
   --- End of inner exception stack trace ---
   at System.Data.Entity.Core.EntityClient.Internal.EntityCommandDefinition.ExecuteStoreCommands(EntityCommand entityCommand, CommandBehavior behavior)
   at System.Data.Entity.Core.Objects.Internal.ObjectQueryExecutionPlan.Execute[TResultType](ObjectContext context, ObjectParameterCollection parameterValues)
   at System.Data.Entity.Core.Objects.ObjectContext.ExecuteInTransaction[T](Func`1 func, IDbExecutionStrategy executionStrategy, Boolean startLocalTransaction, Boolean releaseConnectionOnSuccess)
   at System.Data.Entity.Core.Objects.ObjectQuery`1.<>c__DisplayClass41_0.<GetResults>b__0()
   at System.Data.Entity.SqlServer.DefaultSqlExecutionStrategy.Execute[TResult](Func`1 operation)
   at System.Data.Entity.Core.Objects.ObjectQuery`1.GetResults(Nullable`1 forMergeOption)
   at System.Data.Entity.Core.Objects.ObjectQuery`1.<System.Collections.Generic.IEnumerable<T>.GetEnumerator>b__31_0()
   at System.Data.Entity.Internal.LazyEnumerator`1.MoveNext()
   at System.Linq.Enumerable.FirstOrDefault[TSource](IEnumerable`1 source)
   at Company_Registration_API.DataAccess.SystemUsersDao.GetUserById(Int64 id) in D:\Git Repo\Company-Registration\Company-Registration-API\Company-Registration-API\DataAccess\SystemUsersDao.cs:line 112
2026-05-04 11:17:54,870 ERROR Company_Registration_API.Services.SystemUserService - 
Company_Registration_API.Utils.ApiException: Adding fail.
   at Company_Registration_API.DataAccess.SystemUsersDao.GetUserById(Int64 id) in D:\Git Repo\Company-Registration\Company-Registration-API\Company-Registration-API\DataAccess\SystemUsersDao.cs:line 131
   at Company_Registration_API.Services.SystemUserService.GetSystemUserById(Int64 id) in D:\Git Repo\Company-Registration\Company-Registration-API\Company-Registration-API\Services\SystemUserService.cs:line 83
2026-05-04 11:17:54,870 DEBUG Company_Registration_API.Services.SystemUserService - API END : 05/04/2026 04:47:54
2026-05-04 11:21:05,445 DEBUG Company_Registration_API.Services.SystemUserService - API END : 05/04/2026 04:51:05
2026-05-04 11:21:09,615 ERROR Company_Registration_API.DataAccess.SystemUsersDao - 
System.Data.Entity.Core.EntityCommandExecutionException: An error occurred while executing the command definition. See the inner exception for details. ---> System.Data.SqlClient.SqlException: Invalid column name 'IsActive'.
   at System.Data.SqlClient.SqlConnection.OnError(SqlException exception, Boolean breakConnection, Action`1 wrapCloseInAction)
   at System.Data.SqlClient.TdsParser.ThrowExceptionAndWarning(TdsParserStateObject stateObj, Boolean callerHasConnectionLock, Boolean asyncClose)
   at System.Data.SqlClient.TdsParser.TryRun(RunBehavior runBehavior, SqlCommand cmdHandler, SqlDataReader dataStream, BulkCopySimpleResultSet bulkCopyHandler, TdsParserStateObject stateObj, Boolean& dataReady)
   at System.Data.SqlClient.SqlDataReader.TryConsumeMetaData()
   at System.Data.SqlClient.SqlDataReader.get_MetaData()
   at System.Data.SqlClient.SqlCommand.FinishExecuteReader(SqlDataReader ds, RunBehavior runBehavior, String resetOptionsString, Boolean isInternal, Boolean forDescribeParameterEncryption, Boolean shouldCacheForAlwaysEncrypted)
   at System.Data.SqlClient.SqlCommand.RunExecuteReaderTds(CommandBehavior cmdBehavior, RunBehavior runBehavior, Boolean returnStream, Boolean async, Int32 timeout, Task& task, Boolean asyncWrite, Boolean inRetry, SqlDataReader ds, Boolean describeParameterEncryptionRequest)
   at System.Data.SqlClient.SqlCommand.RunExecuteReader(CommandBehavior cmdBehavior, RunBehavior runBehavior, Boolean returnStream, String method, TaskCompletionSource`1 completion, Int32 timeout, Task& task, Boolean& usedCache, Boolean asyncWrite, Boolean inRetry)
   at System.Data.SqlClient.SqlCommand.RunExecuteReader(CommandBehavior cmdBehavior, RunBehavior runBehavior, Boolean returnStream, String method)
   at System.Data.SqlClient.SqlCommand.ExecuteReader(CommandBehavior behavior, String method)
   at System.Data.Entity.Infrastructure.Interception.InternalDispatcher`1.Dispatch[TTarget,TInterceptionContext,TResult](TTarget target, Func`3 operation, TInterceptionContext interceptionContext, Action`3 executing, Action`3 executed)
   at System.Data.Entity.Infrastructure.Interception.DbCommandDispatcher.Reader(DbCommand command, DbCommandInterceptionContext interceptionContext)
   at System.Data.Entity.Core.EntityClient.Internal.EntityCommandDefinition.ExecuteStoreCommands(EntityCommand entityCommand, CommandBehavior behavior)
   --- End of inner exception stack trace ---
   at System.Data.Entity.Core.EntityClient.Internal.EntityCommandDefinition.ExecuteStoreCommands(EntityCommand entityCommand, CommandBehavior behavior)
   at System.Data.Entity.Core.Objects.Internal.ObjectQueryExecutionPlan.Execute[TResultType](ObjectContext context, ObjectParameterCollection parameterValues)
   at System.Data.Entity.Core.Objects.ObjectContext.ExecuteInTransaction[T](Func`1 func, IDbExecutionStrategy executionStrategy, Boolean startLocalTransaction, Boolean releaseConnectionOnSuccess)
   at System.Data.Entity.Core.Objects.ObjectQuery`1.<>c__DisplayClass41_0.<GetResults>b__0()
   at System.Data.Entity.SqlServer.DefaultSqlExecutionStrategy.Execute[TResult](Func`1 operation)
   at System.Data.Entity.Core.Objects.ObjectQuery`1.GetResults(Nullable`1 forMergeOption)
   at System.Data.Entity.Core.Objects.ObjectQuery`1.<System.Collections.Generic.IEnumerable<T>.GetEnumerator>b__31_0()
   at System.Data.Entity.Internal.LazyEnumerator`1.MoveNext()
   at System.Linq.Enumerable.FirstOrDefault[TSource](IEnumerable`1 source)
   at Company_Registration_API.DataAccess.SystemUsersDao.GetUserById(Int64 id) in D:\Git Repo\Company-Registration\Company-Registration-API\Company-Registration-API\DataAccess\SystemUsersDao.cs:line 112
2026-05-04 11:21:09,759 ERROR Company_Registration_API.Services.SystemUserService - 
Company_Registration_API.Utils.ApiException: Adding fail.
   at Company_Registration_API.DataAccess.SystemUsersDao.GetUserById(Int64 id) in D:\Git Repo\Company-Registration\Company-Registration-API\Company-Registration-API\DataAccess\SystemUsersDao.cs:line 131
   at Company_Registration_API.Services.SystemUserService.GetSystemUserById(Int64 id) in D:\Git Repo\Company-Registration\Company-Registration-API\Company-Registration-API\Services\SystemUserService.cs:line 83
2026-05-04 11:21:09,760 DEBUG Company_Registration_API.Services.SystemUserService - API END : 05/04/2026 04:51:09
2026-05-04 11:21:20,887 ERROR Company_Registration_API.DataAccess.SystemUsersDao - 
System.Data.Entity.Core.EntityCommandExecutionException: An error occurred while executing the command definition. See the inner exception for details. ---> System.Data.SqlClient.SqlException: Invalid column name 'IsActive'.
   at System.Data.SqlClient.SqlConnection.OnError(SqlException exception, Boolean breakConnection, Action`1 wrapCloseInAction)
   at System.Data.SqlClient.TdsParser.ThrowExceptionAndWarning(TdsParserStateObject stateObj, Boolean callerHasConnectionLock, Boolean asyncClose)
   at System.Data.SqlClient.TdsParser.TryRun(RunBehavior runBehavior, SqlCommand cmdHandler, SqlDataReader dataStream, BulkCopySimpleResultSet bulkCopyHandler, TdsParserStateObject stateObj, Boolean& dataReady)
   at System.Data.SqlClient.SqlDataReader.TryConsumeMetaData()
   at System.Data.SqlClient.SqlDataReader.get_MetaData()
   at System.Data.SqlClient.SqlCommand.FinishExecuteReader(SqlDataReader ds, RunBehavior runBehavior, String resetOptionsString, Boolean isInternal, Boolean forDescribeParameterEncryption, Boolean shouldCacheForAlwaysEncrypted)
   at System.Data.SqlClient.SqlCommand.RunExecuteReaderTds(CommandBehavior cmdBehavior, RunBehavior runBehavior, Boolean returnStream, Boolean async, Int32 timeout, Task& task, Boolean asyncWrite, Boolean inRetry, SqlDataReader ds, Boolean describeParameterEncryptionRequest)
   at System.Data.SqlClient.SqlCommand.RunExecuteReader(CommandBehavior cmdBehavior, RunBehavior runBehavior, Boolean returnStream, String method, TaskCompletionSource`1 completion, Int32 timeout, Task& task, Boolean& usedCache, Boolean asyncWrite, Boolean inRetry)
   at System.Data.SqlClient.SqlCommand.RunExecuteReader(CommandBehavior cmdBehavior, RunBehavior runBehavior, Boolean returnStream, String method)
   at System.Data.SqlClient.SqlCommand.ExecuteReader(CommandBehavior behavior, String method)
   at System.Data.Entity.Infrastructure.Interception.InternalDispatcher`1.Dispatch[TTarget,TInterceptionContext,TResult](TTarget target, Func`3 operation, TInterceptionContext interceptionContext, Action`3 executing, Action`3 executed)
   at System.Data.Entity.Infrastructure.Interception.DbCommandDispatcher.Reader(DbCommand command, DbCommandInterceptionContext interceptionContext)
   at System.Data.Entity.Core.EntityClient.Internal.EntityCommandDefinition.ExecuteStoreCommands(EntityCommand entityCommand, CommandBehavior behavior)
   --- End of inner exception stack trace ---
   at System.Data.Entity.Core.EntityClient.Internal.EntityCommandDefinition.ExecuteStoreCommands(EntityCommand entityCommand, CommandBehavior behavior)
   at System.Data.Entity.Core.Objects.Internal.ObjectQueryExecutionPlan.Execute[TResultType](ObjectContext context, ObjectParameterCollection parameterValues)
   at System.Data.Entity.Core.Objects.ObjectContext.ExecuteInTransaction[T](Func`1 func, IDbExecutionStrategy executionStrategy, Boolean startLocalTransaction, Boolean releaseConnectionOnSuccess)
   at System.Data.Entity.Core.Objects.ObjectQuery`1.<>c__DisplayClass41_0.<GetResults>b__0()
   at System.Data.Entity.SqlServer.DefaultSqlExecutionStrategy.Execute[TResult](Func`1 operation)
   at System.Data.Entity.Core.Objects.ObjectQuery`1.GetResults(Nullable`1 forMergeOption)
   at System.Data.Entity.Core.Objects.ObjectQuery`1.<System.Collections.Generic.IEnumerable<T>.GetEnumerator>b__31_0()
   at System.Data.Entity.Internal.LazyEnumerator`1.MoveNext()
   at System.Linq.Enumerable.FirstOrDefault[TSource](IEnumerable`1 source)
   at Company_Registration_API.DataAccess.SystemUsersDao.GetUserById(Int64 id) in D:\Git Repo\Company-Registration\Company-Registration-API\Company-Registration-API\DataAccess\SystemUsersDao.cs:line 112
2026-05-04 11:21:20,998 ERROR Company_Registration_API.Services.SystemUserService - 
Company_Registration_API.Utils.ApiException: Adding fail.
   at Company_Registration_API.DataAccess.SystemUsersDao.GetUserById(Int64 id) in D:\Git Repo\Company-Registration\Company-Registration-API\Company-Registration-API\DataAccess\SystemUsersDao.cs:line 131
   at Company_Registration_API.Services.SystemUserService.GetSystemUserById(Int64 id) in D:\Git Repo\Company-Registration\Company-Registration-API\Company-Registration-API\Services\SystemUserService.cs:line 83
2026-05-04 11:21:20,998 DEBUG Company_Registration_API.Services.SystemUserService - API END : 05/04/2026 04:51:20
2026-05-04 11:21:51,571 ERROR Company_Registration_API.DataAccess.SystemUsersDao - 
System.Data.Entity.Core.EntityCommandExecutionException: An error occurred while executing the command definition. See the inner exception for details. ---> System.Data.SqlClient.SqlException: Invalid column name 'IsActive'.
   at System.Data.SqlClient.SqlConnection.OnError(SqlException exception, Boolean breakConnection, Action`1 wrapCloseInAction)
   at System.Data.SqlClient.TdsParser.ThrowExceptionAndWarning(TdsParserStateObject stateObj, Boolean callerHasConnectionLock, Boolean asyncClose)
   at System.Data.SqlClient.TdsParser.TryRun(RunBehavior runBehavior, SqlCommand cmdHandler, SqlDataReader dataStream, BulkCopySimpleResultSet bulkCopyHandler, TdsParserStateObject stateObj, Boolean& dataReady)
   at System.Data.SqlClient.SqlDataReader.TryConsumeMetaData()
   at System.Data.SqlClient.SqlDataReader.get_MetaData()
   at System.Data.SqlClient.SqlCommand.FinishExecuteReader(SqlDataReader ds, RunBehavior runBehavior, String resetOptionsString, Boolean isInternal, Boolean forDescribeParameterEncryption, Boolean shouldCacheForAlwaysEncrypted)
   at System.Data.SqlClient.SqlCommand.RunExecuteReaderTds(CommandBehavior cmdBehavior, RunBehavior runBehavior, Boolean returnStream, Boolean async, Int32 timeout, Task& task, Boolean asyncWrite, Boolean inRetry, SqlDataReader ds, Boolean describeParameterEncryptionRequest)
   at System.Data.SqlClient.SqlCommand.RunExecuteReader(CommandBehavior cmdBehavior, RunBehavior runBehavior, Boolean returnStream, String method, TaskCompletionSource`1 completion, Int32 timeout, Task& task, Boolean& usedCache, Boolean asyncWrite, Boolean inRetry)
   at System.Data.SqlClient.SqlCommand.RunExecuteReader(CommandBehavior cmdBehavior, RunBehavior runBehavior, Boolean returnStream, String method)
   at System.Data.SqlClient.SqlCommand.ExecuteReader(CommandBehavior behavior, String method)
   at System.Data.Entity.Infrastructure.Interception.InternalDispatcher`1.Dispatch[TTarget,TInterceptionContext,TResult](TTarget target, Func`3 operation, TInterceptionContext interceptionContext, Action`3 executing, Action`3 executed)
   at System.Data.Entity.Infrastructure.Interception.DbCommandDispatcher.Reader(DbCommand command, DbCommandInterceptionContext interceptionContext)
   at System.Data.Entity.Core.EntityClient.Internal.EntityCommandDefinition.ExecuteStoreCommands(EntityCommand entityCommand, CommandBehavior behavior)
   --- End of inner exception stack trace ---
   at System.Data.Entity.Core.EntityClient.Internal.EntityCommandDefinition.ExecuteStoreCommands(EntityCommand entityCommand, CommandBehavior behavior)
   at System.Data.Entity.Core.Objects.Internal.ObjectQueryExecutionPlan.Execute[TResultType](ObjectContext context, ObjectParameterCollection parameterValues)
   at System.Data.Entity.Core.Objects.ObjectContext.ExecuteInTransaction[T](Func`1 func, IDbExecutionStrategy executionStrategy, Boolean startLocalTransaction, Boolean releaseConnectionOnSuccess)
   at System.Data.Entity.Core.Objects.ObjectQuery`1.<>c__DisplayClass41_0.<GetResults>b__0()
   at System.Data.Entity.SqlServer.DefaultSqlExecutionStrategy.Execute[TResult](Func`1 operation)
   at System.Data.Entity.Core.Objects.ObjectQuery`1.GetResults(Nullable`1 forMergeOption)
   at System.Data.Entity.Core.Objects.ObjectQuery`1.<System.Collections.Generic.IEnumerable<T>.GetEnumerator>b__31_0()
   at System.Data.Entity.Internal.LazyEnumerator`1.MoveNext()
   at System.Linq.Enumerable.FirstOrDefault[TSource](IEnumerable`1 source)
   at Company_Registration_API.DataAccess.SystemUsersDao.GetUserById(Int64 id) in D:\Git Repo\Company-Registration\Company-Registration-API\Company-Registration-API\DataAccess\SystemUsersDao.cs:line 112
2026-05-04 11:21:51,679 ERROR Company_Registration_API.Services.SystemUserService - 
Company_Registration_API.Utils.ApiException: Adding fail.
   at Company_Registration_API.DataAccess.SystemUsersDao.GetUserById(Int64 id) in D:\Git Repo\Company-Registration\Company-Registration-API\Company-Registration-API\DataAccess\SystemUsersDao.cs:line 131
   at Company_Registration_API.Services.SystemUserService.GetSystemUserById(Int64 id) in D:\Git Repo\Company-Registration\Company-Registration-API\Company-Registration-API\Services\SystemUserService.cs:line 83
2026-05-04 11:21:51,679 DEBUG Company_Registration_API.Services.SystemUserService - API END : 05/04/2026 04:51:51
2026-05-04 11:22:36,519 ERROR Company_Registration_API.DataAccess.SystemUsersDao - 
System.Data.Entity.Core.EntityCommandExecutionException: An error occurred while executing the command definition. See the inner exception for details. ---> System.Data.SqlClient.SqlException: Invalid column name 'IsActive'.
   at System.Data.SqlClient.SqlConnection.OnError(SqlException exception, Boolean breakConnection, Action`1 wrapCloseInAction)
   at System.Data.SqlClient.TdsParser.ThrowExceptionAndWarning(TdsParserStateObject stateObj, Boolean callerHasConnectionLock, Boolean asyncClose)
   at System.Data.SqlClient.TdsParser.TryRun(RunBehavior runBehavior, SqlCommand cmdHandler, SqlDataReader dataStream, BulkCopySimpleResultSet bulkCopyHandler, TdsParserStateObject stateObj, Boolean& dataReady)
   at System.Data.SqlClient.SqlDataReader.TryConsumeMetaData()
   at System.Data.SqlClient.SqlDataReader.get_MetaData()
   at System.Data.SqlClient.SqlCommand.FinishExecuteReader(SqlDataReader ds, RunBehavior runBehavior, String resetOptionsString, Boolean isInternal, Boolean forDescribeParameterEncryption, Boolean shouldCacheForAlwaysEncrypted)
   at System.Data.SqlClient.SqlCommand.RunExecuteReaderTds(CommandBehavior cmdBehavior, RunBehavior runBehavior, Boolean returnStream, Boolean async, Int32 timeout, Task& task, Boolean asyncWrite, Boolean inRetry, SqlDataReader ds, Boolean describeParameterEncryptionRequest)
   at System.Data.SqlClient.SqlCommand.RunExecuteReader(CommandBehavior cmdBehavior, RunBehavior runBehavior, Boolean returnStream, String method, TaskCompletionSource`1 completion, Int32 timeout, Task& task, Boolean& usedCache, Boolean asyncWrite, Boolean inRetry)
   at System.Data.SqlClient.SqlCommand.RunExecuteReader(CommandBehavior cmdBehavior, RunBehavior runBehavior, Boolean returnStream, String method)
   at System.Data.SqlClient.SqlCommand.ExecuteReader(CommandBehavior behavior, String method)
   at System.Data.Entity.Infrastructure.Interception.InternalDispatcher`1.Dispatch[TTarget,TInterceptionContext,TResult](TTarget target, Func`3 operation, TInterceptionContext interceptionContext, Action`3 executing, Action`3 executed)
   at System.Data.Entity.Infrastructure.Interception.DbCommandDispatcher.Reader(DbCommand command, DbCommandInterceptionContext interceptionContext)
   at System.Data.Entity.Core.EntityClient.Internal.EntityCommandDefinition.ExecuteStoreCommands(EntityCommand entityCommand, CommandBehavior behavior)
   --- End of inner exception stack trace ---
   at System.Data.Entity.Core.EntityClient.Internal.EntityCommandDefinition.ExecuteStoreCommands(EntityCommand entityCommand, CommandBehavior behavior)
   at System.Data.Entity.Core.Objects.Internal.ObjectQueryExecutionPlan.Execute[TResultType](ObjectContext context, ObjectParameterCollection parameterValues)
   at System.Data.Entity.Core.Objects.ObjectContext.ExecuteInTransaction[T](Func`1 func, IDbExecutionStrategy executionStrategy, Boolean startLocalTransaction, Boolean releaseConnectionOnSuccess)
   at System.Data.Entity.Core.Objects.ObjectQuery`1.<>c__DisplayClass41_0.<GetResults>b__0()
   at System.Data.Entity.SqlServer.DefaultSqlExecutionStrategy.Execute[TResult](Func`1 operation)
   at System.Data.Entity.Core.Objects.ObjectQuery`1.GetResults(Nullable`1 forMergeOption)
   at System.Data.Entity.Core.Objects.ObjectQuery`1.<System.Collections.Generic.IEnumerable<T>.GetEnumerator>b__31_0()
   at System.Data.Entity.Internal.LazyEnumerator`1.MoveNext()
   at System.Linq.Enumerable.FirstOrDefault[TSource](IEnumerable`1 source)
   at Company_Registration_API.DataAccess.SystemUsersDao.GetUserById(Int64 id) in D:\Git Repo\Company-Registration\Company-Registration-API\Company-Registration-API\DataAccess\SystemUsersDao.cs:line 112
2026-05-04 11:22:36,639 ERROR Company_Registration_API.Services.SystemUserService - 
Company_Registration_API.Utils.ApiException: Adding fail.
   at Company_Registration_API.DataAccess.SystemUsersDao.GetUserById(Int64 id) in D:\Git Repo\Company-Registration\Company-Registration-API\Company-Registration-API\DataAccess\SystemUsersDao.cs:line 131
   at Company_Registration_API.Services.SystemUserService.GetSystemUserById(Int64 id) in D:\Git Repo\Company-Registration\Company-Registration-API\Company-Registration-API\Services\SystemUserService.cs:line 83
2026-05-04 11:22:36,639 DEBUG Company_Registration_API.Services.SystemUserService - API END : 05/04/2026 04:52:36
2026-05-04 11:46:47,114 DEBUG Company_Registration_API.Services.SystemUserService - API END : 05/04/2026 05:16:47
